DateTime,Junction,Actual,Baseline_GRU_Predicted,Error
2017-06-04 21:00:00,1,61.000004,58.629265,-2.3707391684570283
2017-06-04 22:00:00,1,62.999996,59.679012,-3.3209837014160186
2017-06-04 23:00:00,1,58.0,60.974903,2.974903106689453
2017-06-05 00:00:00,1,56.0,53.371777,-2.628223419189453
2017-06-05 01:00:00,1,46.0,47.379627,1.3796272277832031
2017-06-05 02:00:00,1,38.0,42.432526,4.432525634765625
2017-06-05 03:00:00,1,38.0,36.098423,-1.9015769958496094
2017-06-05 04:00:00,1,31.000002,34.969032,3.9690302875976577
2017-06-05 05:00:00,1,33.0,33.98147,0.9814682006835938
2017-06-05 06:00:00,1,42.0,38.21738,-3.7826194763183594
2017-06-05 07:00:00,1,48.000004,49.691944,1.6919401223144561
2017-06-05 08:00:00,1,56.0,58.5308,2.5307998657226562
2017-06-05 09:00:00,1,65.0,71.592804,6.592803955078125
2017-06-05 10:00:00,1,84.0,84.92868,0.928680419921875
2017-06-05 11:00:00,1,100.99999,95.76962,-5.230367197265622
2017-06-05 12:00:00,1,106.0,95.345406,-10.654594421386719
2017-06-05 13:00:00,1,93.99999,91.201,-2.7989936010742156
2017-06-05 14:00:00,1,100.99999,93.33945,-7.660542978515622
2017-06-05 15:00:00,1,102.99999,95.89442,-7.105573190917966
2017-06-05 16:00:00,1,93.0,95.63046,2.630462646484375
2017-06-05 17:00:00,1,89.0,92.98251,3.982513427734375
2017-06-05 18:00:00,1,95.99999,92.9395,-3.0604910986328093
2017-06-05 19:00:00,1,99.99999,93.74614,-6.253850473632809
2017-06-05 20:00:00,1,93.0,91.56549,-1.43450927734375
2017-06-05 21:00:00,1,89.0,87.049675,-1.9503250122070312
2017-06-05 22:00:00,1,89.0,86.29319,-2.7068099975585938
2017-06-05 23:00:00,1,83.0,81.9912,-1.0087966918945312
2017-06-06 00:00:00,1,75.0,73.624725,-1.375274658203125
2017-06-06 01:00:00,1,71.0,64.06499,-6.9350128173828125
2017-06-06 02:00:00,1,55.0,59.747814,4.747814178466797
2017-06-06 03:00:00,1,47.000004,49.96347,2.963466458984378
2017-06-06 04:00:00,1,43.0,43.419357,0.4193572998046875
2017-06-06 05:00:00,1,42.0,42.82266,0.8226585388183594
2017-06-06 06:00:00,1,43.0,45.270657,2.2706565856933594
2017-06-06 07:00:00,1,51.0,50.848194,-0.15180587768554688
2017-06-06 08:00:00,1,61.000004,60.37041,-0.6295930808105439
2017-06-06 09:00:00,1,65.0,73.56079,8.560791015625
2017-06-06 10:00:00,1,95.99999,80.43055,-15.569440378417966
2017-06-06 11:00:00,1,111.99999,96.46189,-15.53809882568359
2017-06-06 12:00:00,1,108.99999,99.035995,-9.96399451660156
2017-06-06 13:00:00,1,102.0,92.12292,-9.877082824707031
2017-06-06 14:00:00,1,112.99999,97.44067,-15.559323801269528
2017-06-06 15:00:00,1,115.0,103.70784,-11.292160034179688
2017-06-06 16:00:00,1,126.99999,99.71819,-27.281796945800778
2017-06-06 17:00:00,1,134.0,105.90241,-28.09758758544922
2017-06-06 18:00:00,1,139.99998,112.781685,-27.218295124511712
2017-06-06 19:00:00,1,136.0,111.677574,-24.322425842285156
2017-06-06 20:00:00,1,125.99999,108.77364,-17.226346506347653
2017-06-06 21:00:00,1,113.99999,106.31866,-7.681333078613278
2017-06-06 22:00:00,1,104.0,92.11449,-11.885513305664062
2017-06-06 23:00:00,1,95.0,91.819954,-3.1800460815429688
2017-06-07 00:00:00,1,87.0,87.78356,0.7835617065429688
2017-06-07 01:00:00,1,81.0,73.57915,-7.4208526611328125
2017-06-07 02:00:00,1,65.0,69.23622,4.2362213134765625
2017-06-07 03:00:00,1,57.0,59.701237,2.7012367248535156
2017-06-07 04:00:00,1,47.000004,51.737003,4.736999326416019
2017-06-07 05:00:00,1,46.0,47.713074,1.71307373046875
2017-06-07 06:00:00,1,53.0,49.639,-3.3610000610351562
2017-06-07 07:00:00,1,59.0,57.20288,-1.797119140625
2017-06-07 08:00:00,1,67.0,66.581566,-0.41843414306640625
2017-06-07 09:00:00,1,78.0,74.08913,-3.9108734130859375
2017-06-07 10:00:00,1,95.0,86.71997,-8.280029296875
2017-06-07 11:00:00,1,113.99999,95.61871,-18.381276621093747
2017-06-07 12:00:00,1,110.99999,97.32204,-13.677953256835934
2017-06-07 13:00:00,1,97.0,95.070755,-1.9292449951171875
2017-06-07 14:00:00,1,106.99999,95.03175,-11.968236459960934
2017-06-07 15:00:00,1,110.99999,100.39184,-10.608151926269528
2017-06-07 16:00:00,1,104.0,101.30075,-2.699249267578125
2017-06-07 17:00:00,1,102.0,99.43056,-2.5694427490234375
2017-06-07 18:00:00,1,104.0,100.85352,-3.1464767456054688
2017-06-07 19:00:00,1,104.99999,100.55038,-4.449613107910153
2017-06-07 20:00:00,1,100.99999,97.99549,-3.0044989721679656
2017-06-07 21:00:00,1,95.0,93.73774,-1.2622604370117188
2017-06-07 22:00:00,1,93.0,89.763466,-3.2365341186523438
2017-06-07 23:00:00,1,88.0,86.747314,-1.252685546875
2017-06-08 00:00:00,1,84.0,80.51161,-3.4883880615234375
2017-06-08 01:00:00,1,65.0,72.6452,7.64520263671875
2017-06-08 02:00:00,1,55.0,61.77789,6.777889251708984
2017-06-08 03:00:00,1,45.0,52.04372,7.043720245361328
2017-06-08 04:00:00,1,44.0,43.281807,-0.7181930541992188
2017-06-08 05:00:00,1,40.0,42.786232,2.7862319946289062
2017-06-08 06:00:00,1,49.000004,43.75227,-5.24773425512695
2017-06-08 07:00:00,1,51.0,52.49738,1.4973793029785156
2017-06-08 08:00:00,1,58.0,58.68844,0.6884384155273438
2017-06-08 09:00:00,1,71.0,68.24624,-2.7537612915039062
2017-06-08 10:00:00,1,104.0,81.08644,-22.913558959960938
2017-06-08 11:00:00,1,113.99999,100.60352,-13.396466745605466
2017-06-08 12:00:00,1,111.99999,96.32612,-15.673871530761716
2017-06-08 13:00:00,1,97.99999,91.58643,-6.413556589355466
2017-06-08 14:00:00,1,110.0,95.88784,-14.112159729003906
2017-06-08 15:00:00,1,106.99999,101.14767,-5.852323068847653
2017-06-08 16:00:00,1,99.99999,99.64853,-0.3514609472656218
2017-06-08 17:00:00,1,100.99999,99.11597,-1.8840232031249968
2017-06-08 18:00:00,1,106.0,98.901955,-7.098045349121094
2017-06-08 19:00:00,1,110.0,99.8831,-10.116897583007812
2017-06-08 20:00:00,1,108.0,99.03972,-8.960281372070312
2017-06-08 21:00:00,1,95.0,96.0289,1.028900146484375
2017-06-08 22:00:00,1,88.0,89.5169,1.5168991088867188
2017-06-08 23:00:00,1,88.0,84.52959,-3.4704132080078125
2017-06-09 00:00:00,1,84.0,79.972084,-4.027915954589844
2017-06-09 01:00:00,1,73.0,70.33826,-2.6617431640625
2017-06-09 02:00:00,1,59.0,62.669384,3.669384002685547
2017-06-09 03:00:00,1,48.000004,53.63619,5.636184507080081
2017-06-09 04:00:00,1,43.0,44.83758,1.8375816345214844
2017-06-09 05:00:00,1,38.0,42.402477,4.402477264404297
2017-06-09 06:00:00,1,45.0,43.019398,-1.9806022644042969
2017-06-09 07:00:00,1,52.0,50.280506,-1.7194938659667969
2017-06-09 08:00:00,1,54.0,59.05311,5.053108215332031
2017-06-09 09:00:00,1,67.0,65.95144,-1.0485610961914062
2017-06-09 10:00:00,1,85.0,78.772064,-6.227935791015625
2017-06-09 11:00:00,1,99.99999,87.55625,-12.44373847412109
2017-06-09 12:00:00,1,102.0,87.77784,-14.222160339355469
2017-06-09 13:00:00,1,93.99999,86.8863,-7.113690866699216
2017-06-09 14:00:00,1,99.99999,90.38065,-9.61933661865234
2017-06-09 15:00:00,1,98.99999,91.73292,-7.267072214355466
2017-06-09 16:00:00,1,90.0,90.814735,0.8147354125976562
2017-06-09 17:00:00,1,86.0,88.85672,2.856719970703125
2017-06-09 18:00:00,1,93.99999,89.48776,-4.512227548828122
2017-06-09 19:00:00,1,95.99999,92.55363,-3.4463629858398406
2017-06-09 20:00:00,1,90.0,91.33618,1.336181640625
2017-06-09 21:00:00,1,80.0,84.56698,4.566978454589844
2017-06-09 22:00:00,1,79.0,79.49022,0.4902191162109375
2017-06-09 23:00:00,1,75.0,77.65788,2.6578826904296875
2017-06-10 00:00:00,1,65.0,70.99749,5.997489929199219
2017-06-10 01:00:00,1,60.0,58.17519,-1.8248100280761719
2017-06-10 02:00:00,1,47.000004,52.92829,5.928287320800784
2017-06-10 03:00:00,1,37.0,42.543488,5.543487548828125
2017-06-10 04:00:00,1,33.0,34.926346,1.9263458251953125
2017-06-10 05:00:00,1,29.0,33.04161,4.0416107177734375
2017-06-10 06:00:00,1,30.0,33.963192,3.9631919860839844
2017-06-10 07:00:00,1,34.0,35.63176,1.6317596435546875
2017-06-10 08:00:00,1,42.0,39.72616,-2.2738418579101562
2017-06-10 09:00:00,1,41.0,47.79625,6.7962493896484375
2017-06-10 10:00:00,1,53.0,50.20703,-2.79296875
2017-06-10 11:00:00,1,58.0,55.566772,-2.4332275390625
2017-06-10 12:00:00,1,59.0,54.93152,-4.0684814453125
2017-06-10 13:00:00,1,58.0,54.96152,-3.0384788513183594
2017-06-10 14:00:00,1,57.0,57.321648,0.32164764404296875
2017-06-10 15:00:00,1,51.0,58.168415,7.168415069580078
2017-06-10 16:00:00,1,53.0,54.360374,1.3603744506835938
2017-06-10 17:00:00,1,57.0,55.457687,-1.5423126220703125
2017-06-10 18:00:00,1,57.0,62.101974,5.1019744873046875
2017-06-10 19:00:00,1,58.0,61.300198,3.3001976013183594
2017-06-10 20:00:00,1,65.0,60.67273,-4.3272705078125
2017-06-10 21:00:00,1,60.0,63.341106,3.341106414794922
2017-06-10 22:00:00,1,61.000004,60.0521,-0.9479028647460908
2017-06-10 23:00:00,1,58.0,59.21562,1.2156181335449219
2017-06-11 00:00:00,1,54.0,52.56151,-1.4384918212890625
2017-06-11 01:00:00,1,44.0,45.004684,1.0046844482421875
2017-06-11 02:00:00,1,35.0,38.920586,3.9205856323242188
2017-06-11 03:00:00,1,32.0,31.627361,-0.3726387023925781
2017-06-11 04:00:00,1,24.000002,28.993477,4.993474867675783
2017-06-11 05:00:00,1,27.0,27.577063,0.5770626068115234
2017-06-11 06:00:00,1,28.0,29.252409,1.2524089813232422
2017-06-11 07:00:00,1,31.000002,31.9563,0.9562987354736343
2017-06-11 08:00:00,1,38.0,36.331852,-1.6681480407714844
2017-06-11 09:00:00,1,44.0,44.605503,0.6055030822753906
2017-06-11 10:00:00,1,49.999996,51.157825,1.1578294699707001
2017-06-11 11:00:00,1,55.0,53.592712,-1.40728759765625
2017-06-11 12:00:00,1,58.0,53.96911,-4.030891418457031
2017-06-11 13:00:00,1,53.0,53.7258,0.725799560546875
2017-06-11 14:00:00,1,49.999996,52.64262,2.642624086669919
2017-06-11 15:00:00,1,49.999996,50.540825,0.5408288901367158
2017-06-11 16:00:00,1,54.0,51.539326,-2.460674285888672
2017-06-11 17:00:00,1,51.0,55.919727,4.919727325439453
2017-06-11 18:00:00,1,66.0,55.932095,-10.06790542602539
2017-06-11 19:00:00,1,75.0,64.58948,-10.4105224609375
2017-06-11 20:00:00,1,75.0,70.70712,-4.292877197265625
2017-06-11 21:00:00,1,71.0,69.965614,-1.0343856811523438
2017-06-11 22:00:00,1,69.0,66.8364,-2.1635971069335938
2017-06-11 23:00:00,1,70.0,63.677876,-6.322124481201172
2017-06-12 00:00:00,1,59.0,61.7799,2.7798995971679688
2017-06-12 01:00:00,1,46.0,50.53678,4.536781311035156
2017-06-12 02:00:00,1,38.0,42.763855,4.76385498046875
2017-06-12 03:00:00,1,40.0,37.551224,-2.4487762451171875
2017-06-12 04:00:00,1,33.0,36.29048,3.2904815673828125
2017-06-12 05:00:00,1,33.0,35.424297,2.424297332763672
2017-06-12 06:00:00,1,40.0,40.130577,0.13057708740234375
2017-06-12 07:00:00,1,49.999996,48.75049,-1.249507718750003
2017-06-12 08:00:00,1,56.0,61.553257,5.553256988525391
2017-06-12 09:00:00,1,70.0,70.58288,0.5828781127929688
2017-06-12 10:00:00,1,90.0,83.96055,-6.039451599121094
2017-06-12 11:00:00,1,117.0,95.123795,-21.876205444335938
2017-06-12 12:00:00,1,121.99999,101.212036,-20.787953867187497
2017-06-12 13:00:00,1,106.0,97.89245,-8.107551574707031
2017-06-12 14:00:00,1,115.99999,96.07966,-19.920331491699216
2017-06-12 15:00:00,1,119.0,102.81293,-16.18707275390625
2017-06-12 16:00:00,1,115.0,102.684105,-12.315895080566406
2017-06-12 17:00:00,1,110.99999,99.722084,-11.27790595458984
2017-06-12 18:00:00,1,113.99999,103.802315,-10.197675241699216
2017-06-12 19:00:00,1,119.99999,105.254944,-14.745046152343747
2017-06-12 20:00:00,1,106.99999,102.638115,-4.361875070800778
2017-06-12 21:00:00,1,104.99999,96.79758,-8.202413095703122
2017-06-12 22:00:00,1,93.99999,95.77592,1.7759270532226594
2017-06-12 23:00:00,1,91.0,88.21145,-2.7885513305664062
2017-06-13 00:00:00,1,81.0,80.35711,-0.6428909301757812
2017-06-13 01:00:00,1,75.0,70.904686,-4.095314025878906
2017-06-13 02:00:00,1,60.0,64.208725,4.2087249755859375
2017-06-13 03:00:00,1,49.999996,54.462082,4.4620859091796845
2017-06-13 04:00:00,1,44.0,47.75771,3.757709503173828
2017-06-13 05:00:00,1,39.0,44.824295,5.8242950439453125
2017-06-13 06:00:00,1,49.999996,44.167873,-5.832122617431644
2017-06-13 07:00:00,1,55.0,55.415127,0.4151268005371094
2017-06-13 08:00:00,1,62.999996,64.307076,1.3070795004882783
2017-06-13 09:00:00,1,70.0,72.79027,2.7902679443359375
2017-06-13 10:00:00,1,93.0,85.93791,-7.0620880126953125
2017-06-13 11:00:00,1,115.0,98.00838,-16.991622924804688
2017-06-13 12:00:00,1,117.0,97.92095,-19.07904815673828
2017-06-13 13:00:00,1,102.0,96.78643,-5.213569641113281
2017-06-13 14:00:00,1,115.99999,98.96648,-17.03351355957031
2017-06-13 15:00:00,1,106.0,105.14082,-0.8591766357421875
2017-06-13 16:00:00,1,106.99999,103.41565,-3.584340585937497
2017-06-13 17:00:00,1,104.99999,104.272125,-0.7278647558593718
2017-06-13 18:00:00,1,119.0,106.49394,-12.506057739257812
2017-06-13 19:00:00,1,113.99999,108.81264,-5.187352670898434
2017-06-13 20:00:00,1,110.0,103.23082,-6.7691802978515625
2017-06-13 21:00:00,1,97.99999,100.42039,2.4203972680664094
2017-06-13 22:00:00,1,95.99999,94.4701,-1.5298895971679656
2017-06-13 23:00:00,1,90.0,89.85755,-0.14244842529296875
2017-06-14 00:00:00,1,84.0,82.85184,-1.148162841796875
2017-06-14 01:00:00,1,73.0,74.68263,1.6826324462890625
2017-06-14 02:00:00,1,55.0,65.723015,10.723014831542969
2017-06-14 03:00:00,1,49.000004,53.942043,4.942039304443362
2017-06-14 04:00:00,1,39.0,46.716988,7.716987609863281
2017-06-14 05:00:00,1,45.0,41.32522,-3.6747817993164062
2017-06-14 06:00:00,1,46.0,47.7581,1.7580986022949219
2017-06-14 07:00:00,1,55.0,52.832615,-2.1673851013183594
2017-06-14 08:00:00,1,58.0,63.336052,5.336051940917969
2017-06-14 09:00:00,1,69.0,70.46458,1.4645767211914062
2017-06-14 10:00:00,1,91.0,82.00164,-8.998359680175781
2017-06-14 11:00:00,1,106.0,95.28687,-10.713127136230469
2017-06-14 12:00:00,1,110.99999,93.282974,-17.717015756835934
2017-06-14 13:00:00,1,95.0,91.841515,-3.1584854125976562
2017-06-14 14:00:00,1,108.99999,94.420715,-14.579274667968747
2017-06-14 15:00:00,1,106.99999,99.81797,-7.182019724121091
2017-06-14 16:00:00,1,102.0,97.79086,-4.209136962890625
2017-06-14 17:00:00,1,102.0,96.89366,-5.1063385009765625
2017-06-14 18:00:00,1,113.99999,100.377754,-13.622235788574216
2017-06-14 19:00:00,1,108.0,102.80107,-5.1989288330078125
2017-06-14 20:00:00,1,102.99999,98.06549,-4.934499277343747
2017-06-14 21:00:00,1,97.99999,94.62971,-3.3702826635742156
2017-06-14 22:00:00,1,93.0,92.534874,-0.46512603759765625
2017-06-14 23:00:00,1,86.0,86.97523,0.9752273559570312
2017-06-15 00:00:00,1,83.0,79.89478,-3.1052169799804688
2017-06-15 01:00:00,1,69.0,70.73233,1.732330322265625
2017-06-15 02:00:00,1,53.0,61.30532,8.305320739746094
2017-06-15 03:00:00,1,49.999996,50.43454,0.434543794921872
2017-06-15 04:00:00,1,44.0,45.621983,1.6219825744628906
2017-06-15 05:00:00,1,43.0,43.14101,0.14101028442382812
2017-06-15 06:00:00,1,47.000004,46.06355,-0.9364549582519501
2017-06-15 07:00:00,1,51.0,51.87053,0.8705291748046875
2017-06-15 08:00:00,1,58.0,58.640945,0.6409454345703125
2017-06-15 09:00:00,1,72.0,68.73468,-3.26531982421875
2017-06-15 10:00:00,1,90.0,86.4373,-3.5626983642578125
2017-06-15 11:00:00,1,115.0,93.171646,-21.828353881835938
2017-06-15 12:00:00,1,112.99999,95.84432,-17.155667795410153
2017-06-15 13:00:00,1,97.99999,93.59055,-4.409436716308591
2017-06-15 14:00:00,1,104.99999,94.94842,-10.051572336425778
2017-06-15 15:00:00,1,102.0,98.299515,-3.7004852294921875
2017-06-15 16:00:00,1,95.0,95.43144,0.4314422607421875
2017-06-15 17:00:00,1,97.99999,94.00505,-3.9949393408203093
2017-06-15 18:00:00,1,97.99999,98.29182,0.2918267114257844
2017-06-15 19:00:00,1,104.0,96.5599,-7.440101623535156
2017-06-15 20:00:00,1,102.99999,95.88316,-7.116826547851559
2017-06-15 21:00:00,1,91.0,93.68384,2.683837890625
2017-06-15 22:00:00,1,88.0,86.65082,-1.34918212890625
2017-06-15 23:00:00,1,87.0,83.72225,-3.2777481079101562
2017-06-16 00:00:00,1,80.0,79.737236,-0.26276397705078125
2017-06-16 01:00:00,1,62.000004,68.95434,6.954334073730472
2017-06-16 02:00:00,1,56.0,57.86739,1.8673896789550781
2017-06-16 03:00:00,1,47.000004,51.27729,4.277286344238284
2017-06-16 04:00:00,1,40.0,43.753483,3.7534828186035156
2017-06-16 05:00:00,1,38.0,40.00175,2.001750946044922
2017-06-16 06:00:00,1,42.0,41.862293,-0.13770675659179688
2017-06-16 07:00:00,1,48.000004,47.49828,-0.5017244284667939
2017-06-16 08:00:00,1,52.0,54.424973,2.4249725341796875
2017-06-16 09:00:00,1,68.0,63.52097,-4.479030609130859
2017-06-16 10:00:00,1,89.0,78.83535,-10.164649963378906
2017-06-16 11:00:00,1,102.0,91.42013,-10.579872131347656
2017-06-16 12:00:00,1,99.99999,89.47036,-10.529630197753903
2017-06-16 13:00:00,1,95.0,86.68377,-8.316230773925781
2017-06-16 14:00:00,1,98.99999,90.23376,-8.766232980957028
2017-06-16 15:00:00,1,98.99999,92.632805,-6.367185129394528
2017-06-16 16:00:00,1,102.99999,90.12696,-12.873029245605466
2017-06-16 17:00:00,1,91.99999,93.24042,1.2404274804687532
2017-06-16 18:00:00,1,104.0,92.53326,-11.466743469238281
2017-06-16 19:00:00,1,95.0,95.56797,0.5679702758789062
2017-06-16 20:00:00,1,102.0,90.793785,-11.206214904785156
2017-06-16 21:00:00,1,81.0,89.39506,8.395057678222656
2017-06-16 22:00:00,1,82.0,81.31328,-0.6867218017578125
2017-06-16 23:00:00,1,74.0,78.410194,4.410194396972656
2017-06-17 00:00:00,1,68.0,70.72346,2.7234573364257812
2017-06-17 01:00:00,1,55.0,58.851673,3.851673126220703
2017-06-17 02:00:00,1,46.0,50.006813,4.006813049316406
2017-06-17 03:00:00,1,36.0,41.540787,5.5407867431640625
2017-06-17 04:00:00,1,34.0,34.218464,0.21846389770507812
2017-06-17 05:00:00,1,28.0,33.056072,5.056072235107422
2017-06-17 06:00:00,1,29.0,32.91458,3.914581298828125
2017-06-17 07:00:00,1,31.000002,34.689514,3.6895121601562515
2017-06-17 08:00:00,1,40.0,37.548252,-2.4517478942871094
2017-06-17 09:00:00,1,45.0,45.27521,0.2752113342285156
2017-06-17 10:00:00,1,54.0,53.27813,-0.7218704223632812
2017-06-17 11:00:00,1,55.0,57.498714,2.4987144470214844
2017-06-17 12:00:00,1,56.0,53.698566,-2.301433563232422
2017-06-17 13:00:00,1,55.0,54.02324,-0.9767608642578125
2017-06-17 14:00:00,1,54.0,55.2701,1.2700996398925781
2017-06-17 15:00:00,1,61.000004,54.98335,-6.01665515356445
2017-06-17 16:00:00,1,59.0,59.825603,0.8256034851074219
2017-06-17 17:00:00,1,52.0,60.919724,8.919723510742188
2017-06-17 18:00:00,1,53.0,58.723156,5.723155975341797
2017-06-17 19:00:00,1,68.0,57.899204,-10.10079574584961
2017-06-17 20:00:00,1,69.0,68.09251,-0.9074935913085938
2017-06-17 21:00:00,1,58.0,65.37456,7.3745574951171875
2017-06-17 22:00:00,1,54.0,58.89799,4.897991180419922
2017-06-17 23:00:00,1,55.0,55.61784,0.6178398132324219
2017-06-18 00:00:00,1,49.000004,52.166794,3.1667898232421905
2017-06-18 01:00:00,1,41.0,42.341488,1.3414878845214844
2017-06-18 02:00:00,1,37.0,36.126644,-0.8733558654785156
2017-06-18 03:00:00,1,34.0,31.590748,-2.409252166748047
2017-06-18 04:00:00,1,28.0,29.167383,1.1673831939697266
2017-06-18 05:00:00,1,26.0,28.578142,2.5781421661376953
2017-06-18 06:00:00,1,24.000002,29.319843,5.31984129223633
2017-06-18 07:00:00,1,30.0,30.373688,0.373687744140625
2017-06-18 08:00:00,1,35.0,35.862152,0.862152099609375
2017-06-18 09:00:00,1,38.0,42.323288,4.3232879638671875
2017-06-18 10:00:00,1,49.000004,46.09628,-2.9037248557128876
2017-06-18 11:00:00,1,49.000004,51.870113,2.8701093728027374
2017-06-18 12:00:00,1,52.0,49.470394,-2.5296058654785156
2017-06-18 13:00:00,1,49.000004,49.06288,0.0628774697265655
2017-06-18 14:00:00,1,47.000004,48.197567,1.1975629860839874
2017-06-18 15:00:00,1,45.0,48.749706,3.749706268310547
2017-06-18 16:00:00,1,48.000004,48.807533,0.8075292641601592
2017-06-18 17:00:00,1,52.0,49.336308,-2.6636924743652344
2017-06-18 18:00:00,1,49.999996,55.990673,5.990677065185544
2017-06-18 19:00:00,1,57.0,58.575333,1.5753326416015625
2017-06-18 20:00:00,1,61.000004,60.141808,-0.8581964438476533
2017-06-18 21:00:00,1,56.0,59.377514,3.377513885498047
2017-06-18 22:00:00,1,60.0,56.101303,-3.8986968994140625
2017-06-18 23:00:00,1,59.0,58.316658,-0.6833419799804688
2017-06-19 00:00:00,1,48.000004,54.182617,6.182613187500003
2017-06-19 01:00:00,1,42.0,43.03663,1.0366287231445312
2017-06-19 02:00:00,1,39.0,39.127285,0.12728500366210938
2017-06-19 03:00:00,1,35.0,36.416363,1.4163627624511719
2017-06-19 04:00:00,1,29.0,33.07587,4.075870513916016
2017-06-19 05:00:00,1,34.0,31.771505,-2.228494644165039
2017-06-19 06:00:00,1,38.0,38.43431,0.4343109130859375
2017-06-19 07:00:00,1,51.0,46.806473,-4.1935272216796875
2017-06-19 08:00:00,1,54.0,61.217567,7.217567443847656
2017-06-19 09:00:00,1,61.000004,69.128784,8.128780179687503
2017-06-19 10:00:00,1,95.99999,78.755264,-17.244725717773434
2017-06-19 11:00:00,1,110.99999,100.87981,-10.12018348144531
2017-06-19 12:00:00,1,112.99999,99.61666,-13.383328928222653
2017-06-19 13:00:00,1,104.99999,93.00923,-11.990758432617184
2017-06-19 14:00:00,1,115.0,97.56288,-17.437118530273438
2017-06-19 15:00:00,1,110.99999,103.527,-7.472989572753903
2017-06-19 16:00:00,1,104.0,99.8865,-4.113502502441406
2017-06-19 17:00:00,1,108.0,98.492096,-9.507904052734375
2017-06-19 18:00:00,1,108.0,102.78004,-5.219963073730469
2017-06-19 19:00:00,1,112.99999,102.39433,-10.60565711425781
2017-06-19 20:00:00,1,106.99999,99.7754,-7.224591745605466
2017-06-19 21:00:00,1,95.0,97.43533,2.435333251953125
2017-06-19 22:00:00,1,91.0,89.88322,-1.1167831420898438
2017-06-19 23:00:00,1,90.0,85.85725,-4.142753601074219
2017-06-20 00:00:00,1,78.0,79.881714,1.8817138671875
2017-06-20 01:00:00,1,73.0,68.344925,-4.6550750732421875
2017-06-20 02:00:00,1,56.0,63.446983,7.446983337402344
2017-06-20 03:00:00,1,51.0,52.01958,1.0195808410644531
2017-06-20 04:00:00,1,42.0,46.786396,4.786396026611328
2017-06-20 05:00:00,1,42.0,42.593918,0.5939178466796875
2017-06-20 06:00:00,1,42.0,46.600475,4.600475311279297
2017-06-20 07:00:00,1,51.0,51.007927,0.00792694091796875
2017-06-20 08:00:00,1,60.0,60.73808,0.7380790710449219
2017-06-20 09:00:00,1,76.0,70.600914,-5.399085998535156
2017-06-20 10:00:00,1,91.99999,88.77485,-3.2251410620117156
2017-06-20 11:00:00,1,102.0,97.24967,-4.750328063964844
2017-06-20 12:00:00,1,112.99999,92.95431,-20.045682443847653
2017-06-20 13:00:00,1,99.99999,94.942444,-5.057546152343747
2017-06-20 14:00:00,1,106.99999,98.01233,-8.987660898437497
2017-06-20 15:00:00,1,110.0,98.40863,-11.59136962890625
2017-06-20 16:00:00,1,100.99999,99.95197,-1.0480170385742156
2017-06-20 17:00:00,1,108.0,99.06466,-8.935340881347656
2017-06-20 18:00:00,1,113.99999,103.66772,-10.332273020019528
2017-06-20 19:00:00,1,111.99999,104.62571,-7.374280466308591
2017-06-20 20:00:00,1,108.0,100.98627,-7.01373291015625
2017-06-20 21:00:00,1,106.0,97.041145,-8.958854675292969
2017-06-20 22:00:00,1,100.99999,96.113266,-4.886724008789059
2017-06-20 23:00:00,1,98.99999,91.65451,-7.345479501953122
2017-06-21 00:00:00,1,84.0,85.55938,1.5593795776367188
2017-06-21 01:00:00,1,71.0,74.342926,3.342926025390625
2017-06-21 02:00:00,1,62.000004,63.760258,1.7602537209472686
2017-06-21 03:00:00,1,52.0,56.194485,4.194484710693359
2017-06-21 04:00:00,1,43.0,47.3279,4.327899932861328
2017-06-21 05:00:00,1,41.0,44.309612,3.309612274169922
2017-06-21 06:00:00,1,44.0,44.7838,0.7837982177734375
2017-06-21 07:00:00,1,54.0,50.87911,-3.120891571044922
2017-06-21 08:00:00,1,60.0,61.204967,1.2049674987792969
2017-06-21 09:00:00,1,70.0,71.28376,1.2837600708007812
2017-06-21 10:00:00,1,95.99999,83.35242,-12.647573007812497
2017-06-21 11:00:00,1,102.99999,95.8732,-7.126790537109372
2017-06-21 12:00:00,1,110.0,93.96838,-16.0316162109375
2017-06-21 13:00:00,1,97.0,92.01291,-4.987091064453125
2017-06-21 14:00:00,1,106.0,94.94892,-11.051078796386719
2017-06-21 15:00:00,1,102.0,98.84658,-3.1534194946289062
2017-06-21 16:00:00,1,99.99999,95.43039,-4.569600595703122
2017-06-21 17:00:00,1,102.0,96.76298,-5.237022399902344
2017-06-21 18:00:00,1,104.99999,101.534004,-3.4659857885742156
2017-06-21 19:00:00,1,108.99999,98.686966,-10.313024057617184
2017-06-21 20:00:00,1,106.0,98.00623,-7.993766784667969
2017-06-21 21:00:00,1,97.0,97.43843,0.4384307861328125
2017-06-21 22:00:00,1,93.99999,91.11526,-2.884732736816403
2017-06-21 23:00:00,1,88.0,87.1965,-0.803497314453125
2017-06-22 00:00:00,1,76.0,81.15219,5.152191162109375
2017-06-22 01:00:00,1,66.0,68.14997,2.1499710083007812
2017-06-22 02:00:00,1,54.0,59.85159,5.851589202880859
2017-06-22 03:00:00,1,46.0,51.19782,5.197818756103516
2017-06-22 04:00:00,1,41.0,43.50805,2.5080490112304688
2017-06-22 05:00:00,1,38.0,41.21618,3.2161788940429688
2017-06-22 06:00:00,1,44.0,42.330315,-1.6696853637695312
2017-06-22 07:00:00,1,49.999996,49.124866,-0.8751295144042999
2017-06-22 08:00:00,1,58.0,57.619957,-0.38004302978515625
2017-06-22 09:00:00,1,71.0,68.80962,-2.1903762817382812
2017-06-22 10:00:00,1,106.99999,82.884026,-24.115964426269528
2017-06-22 11:00:00,1,115.0,101.689186,-13.310813903808594
2017-06-22 12:00:00,1,119.0,96.51369,-22.486312866210938
2017-06-22 13:00:00,1,104.0,94.482834,-9.517166137695312
2017-06-22 14:00:00,1,119.0,97.619095,-21.380905151367188
2017-06-22 15:00:00,1,110.99999,102.293945,-8.706044687499997
2017-06-22 16:00:00,1,102.99999,98.37905,-4.620938791503903
2017-06-22 17:00:00,1,102.0,98.15557,-3.8444290161132812
2017-06-22 18:00:00,1,110.99999,99.53263,-11.46735907958984
2017-06-22 19:00:00,1,111.99999,101.81285,-10.18713904785156
2017-06-22 20:00:00,1,110.0,100.51329,-9.486709594726562
2017-06-22 21:00:00,1,97.0,96.3204,-0.6796035766601562
2017-06-22 22:00:00,1,91.0,90.890495,-0.10950469970703125
2017-06-22 23:00:00,1,84.0,86.60546,2.6054611206054688
2017-06-23 00:00:00,1,78.0,78.00359,0.00359344482421875
2017-06-23 01:00:00,1,69.0,66.9259,-2.0740966796875
2017-06-23 02:00:00,1,58.0,60.964027,2.9640274047851562
2017-06-23 03:00:00,1,49.999996,52.04544,2.045444673828122
2017-06-23 04:00:00,1,37.0,45.083706,8.08370590209961
2017-06-23 05:00:00,1,38.0,39.55595,1.5559501647949219
2017-06-23 06:00:00,1,41.0,41.560627,0.5606269836425781
2017-06-23 07:00:00,1,47.000004,46.364143,-0.6358606284179658
2017-06-23 08:00:00,1,61.000004,53.943096,-7.056907839111325
2017-06-23 09:00:00,1,71.0,69.74221,-1.2577896118164062
2017-06-23 10:00:00,1,87.0,84.187065,-2.8129348754882812
2017-06-23 11:00:00,1,91.99999,89.43746,-2.562528146972653
2017-06-23 12:00:00,1,95.99999,85.092354,-10.907636179199216
2017-06-23 13:00:00,1,87.0,86.0176,-0.9823989868164062
2017-06-23 14:00:00,1,95.0,87.41613,-7.583869934082031
2017-06-23 15:00:00,1,91.99999,89.75752,-2.2424674169921843
2017-06-23 16:00:00,1,82.0,89.554665,7.554664611816406
2017-06-23 17:00:00,1,85.0,84.92453,-0.075469970703125
2017-06-23 18:00:00,1,88.0,89.05711,1.0571136474609375
2017-06-23 19:00:00,1,93.99999,88.0696,-5.930387033691403
2017-06-23 20:00:00,1,90.0,89.26655,-0.7334518432617188
2017-06-23 21:00:00,1,81.0,83.27916,2.2791595458984375
2017-06-23 22:00:00,1,75.0,78.879906,3.8799057006835938
2017-06-23 23:00:00,1,75.0,73.70669,-1.2933120727539062
2017-06-24 00:00:00,1,66.0,69.86522,3.8652191162109375
2017-06-24 01:00:00,1,54.0,57.246037,3.2460365295410156
2017-06-24 02:00:00,1,47.000004,48.857674,1.8576696450195342
2017-06-24 03:00:00,1,42.0,41.525806,-0.4741935729980469
2017-06-24 04:00:00,1,33.0,35.867622,2.8676223754882812
2017-06-24 05:00:00,1,29.0,32.85663,3.85662841796875
2017-06-24 06:00:00,1,34.0,32.87607,-1.123931884765625
2017-06-24 07:00:00,1,36.0,35.46639,-0.5336112976074219
2017-06-24 08:00:00,1,38.0,41.851574,3.851573944091797
2017-06-24 09:00:00,1,44.0,46.25987,2.259868621826172
2017-06-24 10:00:00,1,51.0,52.09953,1.0995292663574219
2017-06-24 11:00:00,1,55.0,53.60533,-1.3946685791015625
2017-06-24 12:00:00,1,55.0,52.841618,-2.1583824157714844
2017-06-24 13:00:00,1,53.0,52.930466,-0.0695343017578125
2017-06-24 14:00:00,1,55.0,53.60972,-1.3902816772460938
2017-06-24 15:00:00,1,56.0,56.379757,0.3797569274902344
2017-06-24 16:00:00,1,58.0,56.592663,-1.4073371887207031
2017-06-24 17:00:00,1,56.0,57.67284,1.6728401184082031
2017-06-24 18:00:00,1,58.0,58.950108,0.9501075744628906
2017-06-24 19:00:00,1,65.0,63.684418,-1.315582275390625
2017-06-24 20:00:00,1,64.0,66.05021,2.0502090454101562
2017-06-24 21:00:00,1,66.0,61.173378,-4.826622009277344
2017-06-24 22:00:00,1,64.0,61.581203,-2.4187965393066406
2017-06-24 23:00:00,1,62.999996,61.179184,-1.8208120400390655
2017-06-25 00:00:00,1,57.0,55.941204,-1.0587959289550781
2017-06-25 01:00:00,1,44.0,46.70204,2.7020416259765625
2017-06-25 02:00:00,1,35.0,39.670853,4.6708526611328125
2017-06-25 03:00:00,1,33.0,32.534256,-0.4657440185546875
2017-06-25 04:00:00,1,28.0,29.702707,1.702707290649414
2017-06-25 05:00:00,1,25.000002,28.834854,3.834852125976564
2017-06-25 06:00:00,1,27.0,29.28841,2.288410186767578
2017-06-25 07:00:00,1,32.0,31.61209,-0.3879108428955078
2017-06-25 08:00:00,1,37.0,36.989056,-0.010944366455078125
2017-06-25 09:00:00,1,44.0,43.078922,-0.9210777282714844
2017-06-25 10:00:00,1,52.0,51.180096,-0.8199043273925781
2017-06-25 11:00:00,1,56.0,54.048237,-1.9517631530761719
2017-06-25 12:00:00,1,58.0,53.358627,-4.6413726806640625
2017-06-25 13:00:00,1,60.0,53.488083,-6.5119171142578125
2017-06-25 14:00:00,1,55.0,55.473053,0.473052978515625
2017-06-25 15:00:00,1,54.0,54.307053,0.3070526123046875
2017-06-25 16:00:00,1,57.0,55.124958,-1.8750419616699219
2017-06-25 17:00:00,1,56.0,58.096638,2.096637725830078
2017-06-25 18:00:00,1,59.0,57.807915,-1.1920852661132812
2017-06-25 19:00:00,1,66.0,61.581318,-4.418682098388672
2017-06-25 20:00:00,1,64.0,66.053925,2.053924560546875
2017-06-25 21:00:00,1,61.000004,62.45936,1.4593542153320342
2017-06-25 22:00:00,1,64.0,60.32204,-3.677959442138672
2017-06-25 23:00:00,1,60.0,61.060658,1.0606575012207031
2017-06-26 00:00:00,1,59.0,54.736923,-4.2630767822265625
2017-06-26 01:00:00,1,51.0,48.594784,-2.4052162170410156
2017-06-26 02:00:00,1,42.0,44.906925,2.9069252014160156
2017-06-26 03:00:00,1,40.0,39.030983,-0.9690170288085938
2017-06-26 04:00:00,1,34.0,36.650654,2.650653839111328
2017-06-26 05:00:00,1,33.0,36.078835,3.0788345336914062
2017-06-26 06:00:00,1,41.0,38.79055,-2.2094497680664062
2017-06-26 07:00:00,1,48.000004,49.694546,1.6945417458496124
2017-06-26 08:00:00,1,55.0,58.932644,3.9326438903808594
2017-06-26 09:00:00,1,64.0,68.27535,4.275352478027344
2017-06-26 10:00:00,1,73.0,84.11214,11.112136840820312
2017-06-26 11:00:00,1,81.0,87.40906,6.4090576171875
2017-06-26 12:00:00,1,91.0,83.690285,-7.309715270996094
2017-06-26 13:00:00,1,84.0,86.4364,2.4364013671875
2017-06-26 14:00:00,1,87.0,86.907295,-0.09270477294921875
2017-06-26 15:00:00,1,86.0,87.01786,1.0178604125976562
2017-06-26 16:00:00,1,88.0,86.785416,-1.2145843505859375
2017-06-26 17:00:00,1,93.0,89.34849,-3.6515121459960938
2017-06-26 18:00:00,1,106.99999,91.7572,-15.242787851562497
2017-06-26 19:00:00,1,110.99999,98.630325,-12.369664682617184
2017-06-26 20:00:00,1,106.99999,97.90978,-9.090207590332028
2017-06-26 21:00:00,1,102.99999,92.55043,-10.449559702148434
2017-06-26 22:00:00,1,98.99999,91.90399,-7.095998300781247
2017-06-26 23:00:00,1,97.0,89.09608,-7.903923034667969
2017-06-27 00:00:00,1,91.99999,81.90553,-10.094457163085934
2017-06-27 01:00:00,1,75.0,75.15532,0.1553192138671875
2017-06-27 02:00:00,1,69.0,64.765785,-4.234214782714844
2017-06-27 03:00:00,1,51.0,59.290985,8.290985107421875
2017-06-27 04:00:00,1,43.0,48.137115,5.137115478515625
2017-06-27 05:00:00,1,41.0,43.94778,2.9477806091308594
2017-06-27 06:00:00,1,46.0,44.643425,-1.3565750122070312
2017-06-27 07:00:00,1,52.0,52.067554,0.06755447387695312
2017-06-27 08:00:00,1,62.000004,61.350975,-0.6490289633789033
2017-06-27 09:00:00,1,72.0,74.383194,2.3831939697265625
2017-06-27 10:00:00,1,93.0,84.099754,-8.900245666503906
2017-06-27 11:00:00,1,128.0,92.98518,-35.01481628417969
2017-06-27 12:00:00,1,121.0,105.592606,-15.407394409179688
2017-06-27 13:00:00,1,106.99999,98.20355,-8.796437753906247
2017-06-27 14:00:00,1,119.0,96.8794,-22.12059783935547
2017-06-27 15:00:00,1,113.99999,105.70624,-8.293752207031247
2017-06-27 16:00:00,1,111.99999,102.027756,-9.97223426269531
2017-06-27 17:00:00,1,115.99999,102.07305,-13.926938547363278
2017-06-27 18:00:00,1,121.99999,109.0299,-12.970090402832028
2017-06-27 19:00:00,1,123.99999,107.93832,-16.061673654785153
2017-06-27 20:00:00,1,121.0,105.38955,-15.610450744628906
2017-06-27 21:00:00,1,110.99999,105.87824,-5.121747507324216
2017-06-27 22:00:00,1,97.99999,100.09955,2.099558339843753
2017-06-27 23:00:00,1,97.99999,92.748024,-5.251966013183591
2017-06-28 00:00:00,1,89.0,87.79137,-1.2086334228515625
2017-06-28 01:00:00,1,70.0,76.12365,6.123649597167969
2017-06-28 02:00:00,1,62.999996,65.8886,2.8886072104492158
2017-06-28 03:00:00,1,55.0,57.63055,2.6305503845214844
2017-06-28 04:00:00,1,44.0,49.27888,5.278881072998047
2017-06-28 05:00:00,1,40.0,44.077217,4.077217102050781
2017-06-28 06:00:00,1,45.0,44.28259,-0.7174110412597656
2017-06-28 07:00:00,1,54.0,51.100426,-2.8995742797851562
2017-06-28 08:00:00,1,59.0,61.357178,2.357177734375
2017-06-28 09:00:00,1,70.0,69.941734,-0.05826568603515625
2017-06-28 10:00:00,1,88.0,84.369705,-3.6302947998046875
2017-06-28 11:00:00,1,108.0,93.38715,-14.612846374511719
2017-06-28 12:00:00,1,112.99999,94.47235,-18.527638925781247
2017-06-28 13:00:00,1,102.99999,93.31757,-9.682416452636716
2017-06-28 14:00:00,1,113.99999,96.22564,-17.774350656738278
2017-06-28 15:00:00,1,115.0,100.45413,-14.545867919921875
2017-06-28 16:00:00,1,102.0,100.70175,-1.298248291015625
2017-06-28 17:00:00,1,104.99999,98.62883,-6.371160043945309
2017-06-28 18:00:00,1,112.99999,101.50243,-11.497556223144528
2017-06-28 19:00:00,1,123.99999,104.19912,-19.800870432128903
2017-06-28 20:00:00,1,111.99999,105.31324,-6.686749948730466
2017-06-28 21:00:00,1,102.0,98.90722,-3.0927810668945312
2017-06-28 22:00:00,1,95.99999,93.91336,-2.086629404296872
2017-06-28 23:00:00,1,95.99999,90.29443,-5.705556406249997
2017-06-29 00:00:00,1,86.0,83.58869,-2.4113082885742188
2017-06-29 01:00:00,1,76.0,72.26569,-3.7343063354492188
2017-06-29 02:00:00,1,62.999996,66.08423,3.084232515624997
2017-06-29 03:00:00,1,48.000004,56.62596,8.62595730371094
2017-06-29 04:00:00,1,45.0,45.82272,0.8227195739746094
2017-06-29 05:00:00,1,40.0,43.403713,3.4037132263183594
2017-06-29 06:00:00,1,49.000004,43.645123,-5.354881471923825
2017-06-29 07:00:00,1,49.999996,52.46909,2.4690935080566376
2017-06-29 08:00:00,1,55.0,58.34154,3.341541290283203
2017-06-29 09:00:00,1,68.0,67.22567,-0.7743301391601562
2017-06-29 10:00:00,1,104.0,84.93568,-19.06432342529297
2017-06-29 11:00:00,1,111.99999,100.626434,-11.373555673828122
2017-06-29 12:00:00,1,117.0,95.93706,-21.062942504882812
2017-06-29 13:00:00,1,102.99999,95.13187,-7.868123544921872
2017-06-29 14:00:00,1,111.99999,99.007065,-12.99292518066406
2017-06-29 15:00:00,1,112.99999,100.91399,-12.08600379394531
2017-06-29 16:00:00,1,106.99999,98.781906,-8.21808387207031
2017-06-29 17:00:00,1,110.99999,99.69232,-11.307668222656247
2017-06-29 18:00:00,1,111.99999,104.1989,-7.801091684570309
2017-06-29 19:00:00,1,112.99999,103.67199,-9.328000559082028
2017-06-29 20:00:00,1,110.0,101.147575,-8.852424621582031
2017-06-29 21:00:00,1,100.99999,97.73466,-3.2653327124023406
2017-06-29 22:00:00,1,95.99999,92.66715,-3.3328375952148406
2017-06-29 23:00:00,1,95.0,88.307884,-6.692115783691406
2017-06-30 00:00:00,1,86.0,83.2349,-2.7650985717773438
2017-06-30 01:00:00,1,67.0,73.16041,6.160408020019531
2017-06-30 02:00:00,1,60.0,62.358685,2.358684539794922
2017-06-30 03:00:00,1,49.000004,54.341774,5.341769986816409
2017-06-30 04:00:00,1,43.0,44.703854,1.7038536071777344
2017-06-30 05:00:00,1,41.0,41.892666,0.8926658630371094
2017-06-30 06:00:00,1,44.0,43.449337,-0.5506629943847656
2017-06-30 07:00:00,1,53.0,48.089638,-4.910362243652344
2017-06-30 08:00:00,1,57.0,59.347992,2.347991943359375
2017-06-30 09:00:00,1,68.0,67.80272,-0.1972808837890625
2017-06-30 10:00:00,1,88.0,80.84015,-7.15985107421875
2017-06-30 11:00:00,1,100.99999,88.299355,-12.70063544677734
2017-06-30 12:00:00,1,98.99999,88.9317,-10.068288339843747
2017-06-30 13:00:00,1,89.0,86.4218,-2.5782012939453125
2017-06-30 14:00:00,1,104.0,87.59242,-16.407577514648438
2017-06-30 15:00:00,1,100.99999,93.35746,-7.642529978027341
2017-06-30 16:00:00,1,95.0,90.69287,-4.30712890625
2017-06-30 17:00:00,1,90.0,90.516304,0.5163040161132812
2017-06-30 18:00:00,1,95.0,91.17961,-3.8203887939453125
2017-06-30 19:00:00,1,104.99999,92.16311,-12.836881174316403
2017-06-30 20:00:00,1,95.99999,93.71962,-2.2803702490234343
2017-06-30 21:00:00,1,90.0,87.82262,-2.1773834228515625
2017-06-30 22:00:00,1,84.0,83.44067,-0.5593338012695312
2017-06-30 23:00:00,1,78.0,80.380196,2.3801956176757812
2017-06-04 21:00:00,2,18.0,17.621843,-0.3781566619873047
2017-06-04 22:00:00,2,18.0,17.720387,-0.2796134948730469
2017-06-04 23:00:00,2,18.0,17.08548,-0.914520263671875
2017-06-05 00:00:00,2,22.0,15.949847,-6.050152778625488
2017-06-05 01:00:00,2,22.0,15.143175,-6.85682487487793
2017-06-05 02:00:00,2,16.0,14.859445,-1.1405553817749023
2017-06-05 03:00:00,2,14.0,12.896728,-1.1032724380493164
2017-06-05 04:00:00,2,16.0,11.348211,-4.651788711547852
2017-06-05 05:00:00,2,13.000001,12.801347,-0.19865422113037035
2017-06-05 06:00:00,2,12.000001,12.838964,0.8389634622802742
2017-06-05 07:00:00,2,16.0,14.629556,-1.3704442977905273
2017-06-05 08:00:00,2,21.0,18.096186,-2.9038143157958984
2017-06-05 09:00:00,2,20.0,22.117357,2.1173572540283203
2017-06-05 10:00:00,2,23.0,24.599995,1.5999946594238281
2017-06-05 11:00:00,2,33.0,26.549995,-6.450004577636719
2017-06-05 12:00:00,2,30.0,31.912746,1.9127464294433594
2017-06-05 13:00:00,2,29.0,27.998772,-1.0012283325195312
2017-06-05 14:00:00,2,32.0,28.275866,-3.7241344451904297
2017-06-05 15:00:00,2,36.0,30.343353,-5.656646728515625
2017-06-05 16:00:00,2,36.0,32.955883,-3.044116973876953
2017-06-05 17:00:00,2,30.0,33.38277,3.382770538330078
2017-06-05 18:00:00,2,29.0,31.208408,2.2084083557128906
2017-06-05 19:00:00,2,36.0,29.337847,-6.662153244018555
2017-06-05 20:00:00,2,33.0,31.836697,-1.1633033752441406
2017-06-05 21:00:00,2,34.0,30.052351,-3.9476490020751953
2017-06-05 22:00:00,2,31.000002,29.586985,-1.4130173656005844
2017-06-05 23:00:00,2,36.0,26.964907,-9.035093307495117
2017-06-06 00:00:00,2,36.0,29.3754,-6.624599456787109
2017-06-06 01:00:00,2,28.0,24.989239,-3.010761260986328
2017-06-06 02:00:00,2,24.000002,22.33695,-1.663051697875975
2017-06-06 03:00:00,2,20.0,20.03123,0.031230926513671875
2017-06-06 04:00:00,2,15.0,18.47383,3.4738292694091797
2017-06-06 05:00:00,2,18.0,16.567348,-1.4326515197753906
2017-06-06 06:00:00,2,17.0,17.670717,0.6707172393798828
2017-06-06 07:00:00,2,22.0,19.71968,-2.2803192138671875
2017-06-06 08:00:00,2,20.0,24.071533,4.071533203125
2017-06-06 09:00:00,2,17.0,25.418716,8.418716430664062
2017-06-06 10:00:00,2,27.0,24.542135,-2.457864761352539
2017-06-06 11:00:00,2,31.000002,32.433746,1.4337443378906265
2017-06-06 12:00:00,2,35.0,34.022106,-0.9778938293457031
2017-06-06 13:00:00,2,35.0,32.3184,-2.681598663330078
2017-06-06 14:00:00,2,39.0,34.33635,-4.6636505126953125
2017-06-06 15:00:00,2,37.0,37.545727,0.5457267761230469
2017-06-06 16:00:00,2,40.0,35.761066,-4.238933563232422
2017-06-06 17:00:00,2,35.0,36.72494,1.7249412536621094
2017-06-06 18:00:00,2,41.0,35.32015,-5.679851531982422
2017-06-06 19:00:00,2,41.0,40.00207,-0.9979286193847656
2017-06-06 20:00:00,2,39.0,39.09756,0.09756088256835938
2017-06-06 21:00:00,2,36.0,36.29451,0.2945098876953125
2017-06-06 22:00:00,2,33.0,34.734825,1.7348251342773438
2017-06-06 23:00:00,2,41.0,31.747622,-9.252378463745117
2017-06-07 00:00:00,2,38.0,34.027657,-3.9723434448242188
2017-06-07 01:00:00,2,26.0,27.46224,1.462240219116211
2017-06-07 02:00:00,2,22.0,24.3023,2.3022994995117188
2017-06-07 03:00:00,2,22.0,21.428835,-0.5711650848388672
2017-06-07 04:00:00,2,15.0,19.640308,4.640308380126953
2017-06-07 05:00:00,2,17.0,18.0238,1.0237998962402344
2017-06-07 06:00:00,2,16.0,19.225069,3.225069046020508
2017-06-07 07:00:00,2,19.0,20.673975,1.6739749908447266
2017-06-07 08:00:00,2,23.0,23.34298,0.34297943115234375
2017-06-07 09:00:00,2,26.0,26.05427,0.05426979064941406
2017-06-07 10:00:00,2,27.0,33.096844,6.096843719482422
2017-06-07 11:00:00,2,30.0,34.42099,4.420989990234375
2017-06-07 12:00:00,2,39.0,33.605698,-5.3943023681640625
2017-06-07 13:00:00,2,38.0,35.35934,-2.6406593322753906
2017-06-07 14:00:00,2,42.0,37.16686,-4.833141326904297
2017-06-07 15:00:00,2,39.0,39.941216,0.9412155151367188
2017-06-07 16:00:00,2,38.0,37.789764,-0.210235595703125
2017-06-07 17:00:00,2,39.0,37.15271,-1.8472900390625
2017-06-07 18:00:00,2,39.0,39.427494,0.4274940490722656
2017-06-07 19:00:00,2,39.0,38.388386,-0.6116142272949219
2017-06-07 20:00:00,2,42.0,38.38861,-3.61138916015625
2017-06-07 21:00:00,2,39.0,38.79795,-0.20204925537109375
2017-06-07 22:00:00,2,34.0,35.702663,1.7026634216308594
2017-06-07 23:00:00,2,34.0,32.343166,-1.6568336486816406
2017-06-08 00:00:00,2,37.0,30.295397,-6.70460319519043
2017-06-08 01:00:00,2,31.000002,26.767221,-4.232780549194334
2017-06-08 02:00:00,2,26.0,24.51825,-1.48175048828125
2017-06-08 03:00:00,2,22.0,22.415997,0.4159965515136719
2017-06-08 04:00:00,2,15.0,20.392477,5.392477035522461
2017-06-08 05:00:00,2,20.0,18.8347,-1.1653003692626953
2017-06-08 06:00:00,2,17.0,20.887114,3.887113571166992
2017-06-08 07:00:00,2,19.0,21.373583,2.3735828399658203
2017-06-08 08:00:00,2,22.0,24.402641,2.4026412963867188
2017-06-08 09:00:00,2,19.0,28.276636,9.276636123657227
2017-06-08 10:00:00,2,28.0,27.178091,-0.8219089508056641
2017-06-08 11:00:00,2,31.000002,33.43215,2.4321497944335952
2017-06-08 12:00:00,2,38.0,35.93514,-2.064861297607422
2017-06-08 13:00:00,2,31.000002,35.65703,4.657026198242189
2017-06-08 14:00:00,2,43.0,32.250393,-10.74960708618164
2017-06-08 15:00:00,2,36.0,38.00378,2.0037803649902344
2017-06-08 16:00:00,2,36.0,36.601093,0.6010932922363281
2017-06-08 17:00:00,2,32.0,35.092678,3.0926780700683594
2017-06-08 18:00:00,2,36.0,32.941,-3.0589981079101562
2017-06-08 19:00:00,2,43.0,36.045033,-6.954967498779297
2017-06-08 20:00:00,2,40.0,40.575005,0.5750045776367188
2017-06-08 21:00:00,2,33.0,37.58195,4.581951141357422
2017-06-08 22:00:00,2,32.0,31.053698,-0.9463024139404297
2017-06-08 23:00:00,2,36.0,29.838743,-6.161256790161133
2017-06-09 00:00:00,2,33.0,30.490742,-2.509258270263672
2017-06-09 01:00:00,2,25.000002,26.000631,1.0006293323974624
2017-06-09 02:00:00,2,26.0,22.913689,-3.0863113403320312
2017-06-09 03:00:00,2,20.0,21.15043,1.150430679321289
2017-06-09 04:00:00,2,18.0,18.994965,0.994964599609375
2017-06-09 05:00:00,2,18.0,19.328674,1.32867431640625
2017-06-09 06:00:00,2,20.0,20.193598,0.19359779357910156
2017-06-09 07:00:00,2,20.0,22.28356,2.283559799194336
2017-06-09 08:00:00,2,21.0,25.366575,4.366575241088867
2017-06-09 09:00:00,2,22.0,25.948908,3.9489078521728516
2017-06-09 10:00:00,2,24.000002,29.035862,5.035859968994142
2017-06-09 11:00:00,2,30.0,29.113314,-0.8866863250732422
2017-06-09 12:00:00,2,33.0,33.238327,0.2383270263671875
2017-06-09 13:00:00,2,32.0,30.797453,-1.2025470733642578
2017-06-09 14:00:00,2,33.0,31.75372,-1.2462806701660156
2017-06-09 15:00:00,2,33.0,31.670588,-1.3294124603271484
2017-06-09 16:00:00,2,32.0,31.236036,-0.7639636993408203
2017-06-09 17:00:00,2,31.000002,30.797241,-0.2027607890624985
2017-06-09 18:00:00,2,37.0,30.970385,-6.02961540222168
2017-06-09 19:00:00,2,36.0,34.93216,-1.067840576171875
2017-06-09 20:00:00,2,31.000002,34.479176,3.4791735676269546
2017-06-09 21:00:00,2,32.0,30.089329,-1.9106712341308594
2017-06-09 22:00:00,2,30.0,29.008167,-0.9918327331542969
2017-06-09 23:00:00,2,25.000002,26.896223,1.8962210682373062
2017-06-10 00:00:00,2,27.0,25.170118,-1.8298816680908203
2017-06-10 01:00:00,2,26.0,21.906656,-4.093343734741211
2017-06-10 02:00:00,2,21.0,20.303213,-0.6967868804931641
2017-06-10 03:00:00,2,16.0,18.022478,2.0224781036376953
2017-06-10 04:00:00,2,13.000001,14.906459,1.9064578546752937
2017-06-10 05:00:00,2,15.0,13.110039,-1.8899612426757812
2017-06-10 06:00:00,2,13.000001,13.931665,0.9316644205322273
2017-06-10 07:00:00,2,8.999999,14.969316,5.969316528869628
2017-06-10 08:00:00,2,11.0,14.364987,3.364987373352051
2017-06-10 09:00:00,2,13.000001,14.8268,1.8267993463745125
2017-06-10 10:00:00,2,17.0,15.864428,-1.1355724334716797
2017-06-10 11:00:00,2,19.0,18.09638,-0.9036197662353516
2017-06-10 12:00:00,2,21.0,18.909801,-2.090198516845703
2017-06-10 13:00:00,2,19.0,18.917849,-0.08215141296386719
2017-06-10 14:00:00,2,14.0,19.121025,5.121025085449219
2017-06-10 15:00:00,2,15.0,17.564516,2.564516067504883
2017-06-10 16:00:00,2,19.0,17.362976,-1.63702392578125
2017-06-10 17:00:00,2,17.0,19.296972,2.2969722747802734
2017-06-10 18:00:00,2,16.0,19.478138,3.478137969970703
2017-06-10 19:00:00,2,21.0,19.193468,-1.8065319061279297
2017-06-10 20:00:00,2,16.0,21.500835,5.500835418701172
2017-06-10 21:00:00,2,15.0,17.85451,2.8545093536376953
2017-06-10 22:00:00,2,20.0,16.744019,-3.2559814453125
2017-06-10 23:00:00,2,17.0,17.751442,0.7514419555664062
2017-06-11 00:00:00,2,19.0,15.696487,-3.3035125732421875
2017-06-11 01:00:00,2,16.0,13.777711,-2.2222890853881836
2017-06-11 02:00:00,2,12.000001,11.961371,-0.03862957818603441
2017-06-11 03:00:00,2,14.0,9.495463,-4.5045366287231445
2017-06-11 04:00:00,2,14.0,9.381967,-4.618033409118652
2017-06-11 05:00:00,2,13.000001,9.76357,-3.2364311681518547
2017-06-11 06:00:00,2,11.0,10.603426,-0.3965740203857422
2017-06-11 07:00:00,2,13.000001,11.236054,-1.7639465795288078
2017-06-11 08:00:00,2,14.0,13.33621,-0.6637897491455078
2017-06-11 09:00:00,2,11.0,14.596826,3.59682559967041
2017-06-11 10:00:00,2,11.0,14.39007,3.3900699615478516
2017-06-11 11:00:00,2,17.0,14.142801,-2.857198715209961
2017-06-11 12:00:00,2,14.0,15.636386,1.6363859176635742
2017-06-11 13:00:00,2,16.0,14.163589,-1.836411476135254
2017-06-11 14:00:00,2,16.0,15.062116,-0.9378843307495117
2017-06-11 15:00:00,2,17.0,15.786493,-1.2135066986083984
2017-06-11 16:00:00,2,17.0,17.389156,0.3891563415527344
2017-06-11 17:00:00,2,19.0,17.304113,-1.6958866119384766
2017-06-11 18:00:00,2,21.0,18.608269,-2.3917312622070312
2017-06-11 19:00:00,2,25.000002,21.221272,-3.7787304851074204
2017-06-11 20:00:00,2,17.0,23.825956,6.825956344604492
2017-06-11 21:00:00,2,20.0,18.221426,-1.778573989868164
2017-06-11 22:00:00,2,23.0,19.263853,-3.736146926879883
2017-06-11 23:00:00,2,17.0,19.530874,2.530874252319336
2017-06-12 00:00:00,2,18.0,17.359392,-0.6406078338623047
2017-06-12 01:00:00,2,16.0,14.48114,-1.51885986328125
2017-06-12 02:00:00,2,15.0,12.373478,-2.6265220642089844
2017-06-12 03:00:00,2,15.0,11.655532,-3.344468116760254
2017-06-12 04:00:00,2,12.000001,11.788224,-0.21177677972412035
2017-06-12 05:00:00,2,15.0,11.368823,-3.6311769485473633
2017-06-12 06:00:00,2,15.0,13.777455,-1.2225446701049805
2017-06-12 07:00:00,2,15.0,16.146343,1.1463432312011719
2017-06-12 08:00:00,2,18.0,18.576435,0.5764350891113281
2017-06-12 09:00:00,2,24.000002,20.548635,-3.4513665172119126
2017-06-12 10:00:00,2,30.0,25.634087,-4.365913391113281
2017-06-12 11:00:00,2,35.0,33.486248,-1.5137519836425781
2017-06-12 12:00:00,2,31.000002,33.414917,2.4149149921875015
2017-06-12 13:00:00,2,32.0,28.942284,-3.0577163696289062
2017-06-12 14:00:00,2,40.0,29.912054,-10.087945938110352
2017-06-12 15:00:00,2,47.000004,35.62122,-11.378784364990231
2017-06-12 16:00:00,2,40.0,40.93776,0.9377593994140625
2017-06-12 17:00:00,2,38.0,36.675995,-1.324005126953125
2017-06-12 18:00:00,2,40.0,35.599426,-4.40057373046875
2017-06-12 19:00:00,2,42.0,38.470024,-3.5299758911132812
2017-06-12 20:00:00,2,37.0,37.650696,0.65069580078125
2017-06-12 21:00:00,2,40.0,34.507366,-5.492633819580078
2017-06-12 22:00:00,2,40.0,35.460857,-4.539142608642578
2017-06-12 23:00:00,2,35.0,34.876556,-0.123443603515625
2017-06-13 00:00:00,2,35.0,31.060785,-3.9392147064208984
2017-06-13 01:00:00,2,28.0,26.166286,-1.8337135314941406
2017-06-13 02:00:00,2,24.000002,23.308628,-0.6913739177246079
2017-06-13 03:00:00,2,21.0,20.96023,-0.03977012634277344
2017-06-13 04:00:00,2,20.0,19.057476,-0.9425239562988281
2017-06-13 05:00:00,2,16.0,19.462626,3.462625503540039
2017-06-13 06:00:00,2,17.0,19.17367,2.1736698150634766
2017-06-13 07:00:00,2,21.0,20.812193,-0.1878070831298828
2017-06-13 08:00:00,2,20.0,23.673378,3.6733779907226562
2017-06-13 09:00:00,2,20.0,24.942797,4.94279670715332
2017-06-13 10:00:00,2,32.0,27.217869,-4.782131195068359
2017-06-13 11:00:00,2,36.0,37.25485,1.2548484802246094
2017-06-13 12:00:00,2,45.0,37.785275,-7.214725494384766
2017-06-13 13:00:00,2,34.0,40.67877,6.678768157958984
2017-06-13 14:00:00,2,42.0,36.222748,-5.777252197265625
2017-06-13 15:00:00,2,38.0,39.792942,1.7929420471191406
2017-06-13 16:00:00,2,42.0,37.81996,-4.1800384521484375
2017-06-13 17:00:00,2,47.000004,39.143837,-7.856167024902341
2017-06-13 18:00:00,2,41.0,44.741875,3.7418746948242188
2017-06-13 19:00:00,2,48.000004,41.940945,-6.059059328369138
2017-06-13 20:00:00,2,48.000004,44.17762,-3.8223840659179658
2017-06-13 21:00:00,2,41.0,43.663364,2.6633644104003906
2017-06-13 22:00:00,2,38.0,38.596283,0.596282958984375
2017-06-13 23:00:00,2,33.0,36.696804,3.6968040466308594
2017-06-14 00:00:00,2,36.0,31.753172,-4.246828079223633
2017-06-14 01:00:00,2,32.0,27.41315,-4.586849212646484
2017-06-14 02:00:00,2,25.000002,24.924423,-0.075578782226561
2017-06-14 03:00:00,2,25.000002,22.523355,-2.4766465159912094
2017-06-14 04:00:00,2,17.0,21.392527,4.392526626586914
2017-06-14 05:00:00,2,15.0,20.34131,5.341310501098633
2017-06-14 06:00:00,2,14.0,19.955444,5.9554443359375
2017-06-14 07:00:00,2,20.0,20.5435,0.5435009002685547
2017-06-14 08:00:00,2,21.0,24.134315,3.1343154907226562
2017-06-14 09:00:00,2,25.000002,26.832994,1.8329924610595718
2017-06-14 10:00:00,2,29.0,32.542423,3.5424232482910156
2017-06-14 11:00:00,2,33.0,35.41551,2.415508270263672
2017-06-14 12:00:00,2,41.0,38.380974,-2.6190261840820312
2017-06-14 13:00:00,2,39.0,37.95776,-1.0422401428222656
2017-06-14 14:00:00,2,41.0,38.016968,-2.9830322265625
2017-06-14 15:00:00,2,44.0,38.505413,-5.494586944580078
2017-06-14 16:00:00,2,37.0,40.738148,3.738147735595703
2017-06-14 17:00:00,2,38.0,38.50915,0.5091514587402344
2017-06-14 18:00:00,2,39.0,38.06219,-0.9378089904785156
2017-06-14 19:00:00,2,44.0,39.0827,-4.917301177978516
2017-06-14 20:00:00,2,39.0,42.829433,3.8294334411621094
2017-06-14 21:00:00,2,37.0,37.906403,0.906402587890625
2017-06-14 22:00:00,2,34.0,34.84215,0.8421516418457031
2017-06-14 23:00:00,2,34.0,31.984112,-2.015888214111328
2017-06-15 00:00:00,2,35.0,31.367798,-3.6322021484375
2017-06-15 01:00:00,2,29.0,27.025309,-1.974691390991211
2017-06-15 02:00:00,2,27.0,24.27399,-2.7260093688964844
2017-06-15 03:00:00,2,20.0,22.498936,2.4989356994628906
2017-06-15 04:00:00,2,17.0,19.747255,2.747255325317383
2017-06-15 05:00:00,2,19.0,19.608356,0.6083564758300781
2017-06-15 06:00:00,2,13.000001,20.444675,7.444674445556641
2017-06-15 07:00:00,2,15.0,20.235577,5.235576629638672
2017-06-15 08:00:00,2,21.0,21.901083,0.9010829925537109
2017-06-15 09:00:00,2,25.000002,25.156097,0.1560954121093765
2017-06-15 10:00:00,2,29.0,32.019722,3.0197219848632812
2017-06-15 11:00:00,2,28.0,35.518448,7.5184478759765625
2017-06-15 12:00:00,2,35.0,33.832344,-1.1676559448242188
2017-06-15 13:00:00,2,33.0,32.421814,-0.57818603515625
2017-06-15 14:00:00,2,40.0,33.39818,-6.6018218994140625
2017-06-15 15:00:00,2,41.0,36.411148,-4.5888519287109375
2017-06-15 16:00:00,2,38.0,36.85973,-1.1402702331542969
2017-06-15 17:00:00,2,33.0,35.828514,2.8285140991210938
2017-06-15 18:00:00,2,35.0,34.345387,-0.6546134948730469
2017-06-15 19:00:00,2,38.0,36.4421,-1.5578994750976562
2017-06-15 20:00:00,2,39.0,36.44507,-2.554931640625
2017-06-15 21:00:00,2,36.0,35.273796,-0.7262039184570312
2017-06-15 22:00:00,2,30.0,33.215633,3.2156333923339844
2017-06-15 23:00:00,2,35.0,29.892078,-5.107921600341797
2017-06-16 00:00:00,2,31.000002,30.436022,-0.5639801951904282
2017-06-16 01:00:00,2,25.000002,25.128935,0.12893286022949368
2017-06-16 02:00:00,2,29.0,22.67413,-6.325870513916016
2017-06-16 03:00:00,2,20.0,21.4581,1.458099365234375
2017-06-16 04:00:00,2,17.0,19.14941,2.1494102478027344
2017-06-16 05:00:00,2,14.0,19.202246,5.202245712280273
2017-06-16 06:00:00,2,15.0,18.68055,3.6805496215820312
2017-06-16 07:00:00,2,18.0,19.655767,1.6557674407958984
2017-06-16 08:00:00,2,16.0,22.26824,6.268239974975586
2017-06-16 09:00:00,2,22.0,23.457552,1.4575519561767578
2017-06-16 10:00:00,2,28.0,27.435179,-0.5648212432861328
2017-06-16 11:00:00,2,35.0,32.702564,-2.297435760498047
2017-06-16 12:00:00,2,39.0,36.87482,-2.1251792907714844
2017-06-16 13:00:00,2,30.0,35.49139,5.491390228271484
2017-06-16 14:00:00,2,37.0,31.3821,-5.617900848388672
2017-06-16 15:00:00,2,41.0,33.88588,-7.1141204833984375
2017-06-16 16:00:00,2,34.0,36.100235,2.1002349853515625
2017-06-16 17:00:00,2,35.0,32.938797,-2.0612030029296875
2017-06-16 18:00:00,2,36.0,34.622498,-1.37750244140625
2017-06-16 19:00:00,2,32.0,35.133953,3.133953094482422
2017-06-16 20:00:00,2,36.0,31.68769,-4.312309265136719
2017-06-16 21:00:00,2,33.0,33.139114,0.1391143798828125
2017-06-16 22:00:00,2,29.0,30.110975,1.1109752655029297
2017-06-16 23:00:00,2,30.0,27.34669,-2.653310775756836
2017-06-17 00:00:00,2,30.0,27.733677,-2.2663230895996094
2017-06-17 01:00:00,2,23.0,23.176338,0.17633819580078125
2017-06-17 02:00:00,2,22.0,20.577692,-1.4223079681396484
2017-06-17 03:00:00,2,13.000001,18.311323,5.311322165893555
2017-06-17 04:00:00,2,14.0,14.145667,0.14566707611083984
2017-06-17 05:00:00,2,15.0,13.309915,-1.6900854110717773
2017-06-17 06:00:00,2,13.000001,14.094273,1.0942716135253914
2017-06-17 07:00:00,2,14.0,14.530515,0.5305147171020508
2017-06-17 08:00:00,2,12.000001,16.016354,4.016352607177735
2017-06-17 09:00:00,2,15.0,16.19248,1.1924800872802734
2017-06-17 10:00:00,2,14.0,18.256874,4.256874084472656
2017-06-17 11:00:00,2,19.0,17.7284,-1.2716007232666016
2017-06-17 12:00:00,2,14.0,19.4457,5.445699691772461
2017-06-17 13:00:00,2,15.0,16.051825,1.0518245697021484
2017-06-17 14:00:00,2,16.0,16.11407,0.11407089233398438
2017-06-17 15:00:00,2,14.0,16.998604,2.9986038208007812
2017-06-17 16:00:00,2,18.0,16.729225,-1.2707748413085938
2017-06-17 17:00:00,2,20.0,18.422527,-1.5774726867675781
2017-06-17 18:00:00,2,20.0,20.117922,0.11792182922363281
2017-06-17 19:00:00,2,20.0,21.103458,1.1034584045410156
2017-06-17 20:00:00,2,19.0,20.688498,1.688497543334961
2017-06-17 21:00:00,2,17.0,19.528074,2.528074264526367
2017-06-17 22:00:00,2,20.0,18.324427,-1.6755733489990234
2017-06-17 23:00:00,2,17.0,18.559465,1.5594654083251953
2017-06-18 00:00:00,2,21.0,16.724224,-4.275775909423828
2017-06-18 01:00:00,2,14.0,14.764865,0.7648649215698242
2017-06-18 02:00:00,2,16.0,11.585113,-4.414887428283691
2017-06-18 03:00:00,2,13.000001,11.212675,-1.787325905395507
2017-06-18 04:00:00,2,12.000001,9.540779,-2.459221886230468
2017-06-18 05:00:00,2,13.000001,9.651114,-3.348886536193847
2017-06-18 06:00:00,2,10.0,10.952173,0.9521732330322266
2017-06-18 07:00:00,2,8.999999,11.295191,2.295191811157226
2017-06-18 08:00:00,2,15.0,11.537399,-3.4626007080078125
2017-06-18 09:00:00,2,10.0,14.685266,4.68526554107666
2017-06-18 10:00:00,2,12.000001,12.592714,0.5927133096923836
2017-06-18 11:00:00,2,17.0,14.053748,-2.94625186920166
2017-06-18 12:00:00,2,18.0,15.036636,-2.9633636474609375
2017-06-18 13:00:00,2,15.0,15.79269,0.7926902770996094
2017-06-18 14:00:00,2,16.0,15.422819,-0.5771808624267578
2017-06-18 15:00:00,2,15.0,15.871343,0.871342658996582
2017-06-18 16:00:00,2,18.0,15.791038,-2.2089624404907227
2017-06-18 17:00:00,2,15.0,17.944328,2.9443283081054688
2017-06-18 18:00:00,2,19.0,17.001385,-1.9986152648925781
2017-06-18 19:00:00,2,19.0,19.369274,0.3692741394042969
2017-06-18 20:00:00,2,17.0,18.090143,1.0901432037353516
2017-06-18 21:00:00,2,18.0,17.237452,-0.7625484466552734
2017-06-18 22:00:00,2,22.0,17.551357,-4.448642730712891
2017-06-18 23:00:00,2,19.0,18.015255,-0.9847450256347656
2017-06-19 00:00:00,2,16.0,17.226183,1.2261829376220703
2017-06-19 01:00:00,2,18.0,13.146262,-4.853737831115723
2017-06-19 02:00:00,2,15.0,13.077054,-1.9229459762573242
2017-06-19 03:00:00,2,11.0,11.560912,0.5609121322631836
2017-06-19 04:00:00,2,15.0,9.706111,-5.293889045715332
2017-06-19 05:00:00,2,13.000001,11.780762,-1.2192392812499993
2017-06-19 06:00:00,2,14.0,12.812033,-1.187967300415039
2017-06-19 07:00:00,2,15.0,14.76187,-0.2381296157836914
2017-06-19 08:00:00,2,22.0,17.534328,-4.465671539306641
2017-06-19 09:00:00,2,18.0,24.372362,6.37236213684082
2017-06-19 10:00:00,2,27.0,22.696815,-4.303184509277344
2017-06-19 11:00:00,2,34.0,29.635527,-4.364473342895508
2017-06-19 12:00:00,2,38.0,31.710386,-6.289613723754883
2017-06-19 13:00:00,2,35.0,32.984505,-2.0154953002929688
2017-06-19 14:00:00,2,37.0,33.14897,-3.8510284423828125
2017-06-19 15:00:00,2,41.0,35.311848,-5.688152313232422
2017-06-19 16:00:00,2,37.0,36.37234,-0.6276588439941406
2017-06-19 17:00:00,2,40.0,34.356422,-5.643577575683594
2017-06-19 18:00:00,2,41.0,37.464725,-3.5352745056152344
2017-06-19 19:00:00,2,43.0,38.755184,-4.244815826416016
2017-06-19 20:00:00,2,41.0,38.23642,-2.763580322265625
2017-06-19 21:00:00,2,40.0,37.405266,-2.5947341918945312
2017-06-19 22:00:00,2,40.0,36.66775,-3.3322486877441406
2017-06-19 23:00:00,2,37.0,34.27609,-2.7239112854003906
2017-06-20 00:00:00,2,35.0,31.345768,-3.6542320251464844
2017-06-20 01:00:00,2,35.0,26.325232,-8.674768447875977
2017-06-20 02:00:00,2,30.0,24.629015,-5.37098503112793
2017-06-20 03:00:00,2,20.0,22.51833,2.518329620361328
2017-06-20 04:00:00,2,20.0,20.272417,0.2724170684814453
2017-06-20 05:00:00,2,14.0,19.975355,5.97535514831543
2017-06-20 06:00:00,2,17.0,18.641205,1.641204833984375
2017-06-20 07:00:00,2,16.0,20.620483,4.6204833984375
2017-06-20 08:00:00,2,20.0,21.853548,1.8535480499267578
2017-06-20 09:00:00,2,21.0,24.309467,3.309467315673828
2017-06-20 10:00:00,2,31.000002,28.811047,-2.1889553996582016
2017-06-20 11:00:00,2,32.0,37.79824,5.798240661621094
2017-06-20 12:00:00,2,37.0,37.29863,0.2986297607421875
2017-06-20 13:00:00,2,37.0,33.59985,-3.4001502990722656
2017-06-20 14:00:00,2,39.0,35.478287,-3.5217132568359375
2017-06-20 15:00:00,2,38.0,36.934204,-1.0657958984375
2017-06-20 16:00:00,2,37.0,36.93908,-0.06092071533203125
2017-06-20 17:00:00,2,40.0,37.989193,-2.0108070373535156
2017-06-20 18:00:00,2,40.0,38.784924,-1.2150764465332031
2017-06-20 19:00:00,2,47.000004,40.48263,-6.517372316650388
2017-06-20 20:00:00,2,41.0,44.645584,3.6455841064453125
2017-06-20 21:00:00,2,41.0,39.016384,-1.9836158752441406
2017-06-20 22:00:00,2,39.0,37.942696,-1.0573043823242188
2017-06-20 23:00:00,2,35.0,35.05276,0.052761077880859375
2017-06-21 00:00:00,2,34.0,32.067474,-1.932525634765625
2017-06-21 01:00:00,2,31.000002,27.526386,-3.4736157390136704
2017-06-21 02:00:00,2,26.0,25.040743,-0.9592571258544922
2017-06-21 03:00:00,2,23.0,22.5578,-0.44219970703125
2017-06-21 04:00:00,2,17.0,20.716991,3.716991424560547
2017-06-21 05:00:00,2,15.0,19.493933,4.493932723999023
2017-06-21 06:00:00,2,18.0,19.17615,1.1761493682861328
2017-06-21 07:00:00,2,16.0,21.417786,5.41778564453125
2017-06-21 08:00:00,2,18.0,22.605923,4.605922698974609
2017-06-21 09:00:00,2,17.0,24.964643,7.964643478393555
2017-06-21 10:00:00,2,29.0,26.071629,-2.9283714294433594
2017-06-21 11:00:00,2,30.0,34.7456,4.745601654052734
2017-06-21 12:00:00,2,36.0,35.248615,-0.7513847351074219
2017-06-21 13:00:00,2,30.0,34.50243,4.502429962158203
2017-06-21 14:00:00,2,39.0,31.378798,-7.62120246887207
2017-06-21 15:00:00,2,40.0,36.05525,-3.944751739501953
2017-06-21 16:00:00,2,35.0,36.10135,1.101348876953125
2017-06-21 17:00:00,2,40.0,34.904205,-5.095794677734375
2017-06-21 18:00:00,2,39.0,38.15228,-0.8477210998535156
2017-06-21 19:00:00,2,47.000004,39.42197,-7.578033632568356
2017-06-21 20:00:00,2,42.0,42.424843,0.42484283447265625
2017-06-21 21:00:00,2,40.0,38.86967,-1.1303291320800781
2017-06-21 22:00:00,2,36.0,36.89773,0.8977317810058594
2017-06-21 23:00:00,2,31.000002,33.342163,2.3421610859375015
2017-06-22 00:00:00,2,33.0,29.424772,-3.575227737426758
2017-06-22 01:00:00,2,32.0,26.204952,-5.795047760009766
2017-06-22 02:00:00,2,26.0,24.457159,-1.5428409576416016
2017-06-22 03:00:00,2,18.0,22.028196,4.028196334838867
2017-06-22 04:00:00,2,17.0,19.394903,2.3949031829833984
2017-06-22 05:00:00,2,19.0,19.359356,0.3593559265136719
2017-06-22 06:00:00,2,14.0,20.18356,6.183559417724609
2017-06-22 07:00:00,2,17.0,19.953718,2.9537181854248047
2017-06-22 08:00:00,2,20.0,22.471775,2.4717750549316406
2017-06-22 09:00:00,2,21.0,25.472347,4.472347259521484
2017-06-22 10:00:00,2,27.0,28.89246,1.8924598693847656
2017-06-22 11:00:00,2,35.0,32.0918,-2.9081993103027344
2017-06-22 12:00:00,2,34.0,37.73507,3.7350692749023438
2017-06-22 13:00:00,2,38.0,32.409084,-5.590915679931641
2017-06-22 14:00:00,2,39.0,36.06385,-2.9361495971679688
2017-06-22 15:00:00,2,39.0,37.080498,-1.9195022583007812
2017-06-22 16:00:00,2,36.0,36.013626,0.0136260986328125
2017-06-22 17:00:00,2,38.0,34.54567,-3.4543304443359375
2017-06-22 18:00:00,2,39.0,36.27744,-2.7225608825683594
2017-06-22 19:00:00,2,48.000004,38.378506,-9.621498293212888
2017-06-22 20:00:00,2,39.0,43.541435,4.541435241699219
2017-06-22 21:00:00,2,36.0,37.140957,1.1409568786621094
2017-06-22 22:00:00,2,36.0,33.47459,-2.525409698486328
2017-06-22 23:00:00,2,33.0,32.674442,-0.3255577087402344
2017-06-23 00:00:00,2,32.0,29.396267,-2.6037330627441406
2017-06-23 01:00:00,2,28.0,25.607271,-2.392728805541992
2017-06-23 02:00:00,2,24.000002,23.599228,-0.400774094726561
2017-06-23 03:00:00,2,23.0,20.904545,-2.0954551696777344
2017-06-23 04:00:00,2,17.0,19.77346,2.7734603881835938
2017-06-23 05:00:00,2,17.0,19.270823,2.270822525024414
2017-06-23 06:00:00,2,14.0,19.863731,5.863731384277344
2017-06-23 07:00:00,2,18.0,20.085133,2.085132598876953
2017-06-23 08:00:00,2,16.0,22.310236,6.310235977172852
2017-06-23 09:00:00,2,18.0,23.516758,5.516757965087891
2017-06-23 10:00:00,2,27.0,25.894293,-1.1057071685791016
2017-06-23 11:00:00,2,29.0,33.808205,4.808204650878906
2017-06-23 12:00:00,2,34.0,33.111683,-0.8883171081542969
2017-06-23 13:00:00,2,26.0,30.542768,4.542768478393555
2017-06-23 14:00:00,2,39.0,29.183361,-9.816638946533203
2017-06-23 15:00:00,2,39.0,34.786697,-4.2133026123046875
2017-06-23 16:00:00,2,32.0,34.010612,2.0106124877929688
2017-06-23 17:00:00,2,32.0,31.826534,-0.17346572875976562
2017-06-23 18:00:00,2,32.0,32.055656,0.05565643310546875
2017-06-23 19:00:00,2,36.0,31.701693,-4.298307418823242
2017-06-23 20:00:00,2,36.0,33.59664,-2.4033584594726562
2017-06-23 21:00:00,2,32.0,32.76787,0.7678718566894531
2017-06-23 22:00:00,2,28.0,29.677586,1.6775856018066406
2017-06-23 23:00:00,2,29.0,27.096087,-1.9039134979248047
2017-06-24 00:00:00,2,27.0,27.24214,0.2421398162841797
2017-06-24 01:00:00,2,24.000002,22.244118,-1.7558842631835923
2017-06-24 02:00:00,2,23.0,20.021183,-2.9788169860839844
2017-06-24 03:00:00,2,15.0,17.975243,2.9752426147460938
2017-06-24 04:00:00,2,10.0,15.053917,5.053916931152344
2017-06-24 05:00:00,2,11.0,12.364375,1.364375114440918
2017-06-24 06:00:00,2,10.0,12.064585,2.064584732055664
2017-06-24 07:00:00,2,8.999999,12.567764,3.5677652822265618
2017-06-24 08:00:00,2,12.000001,12.569221,0.5692195429077156
2017-06-24 09:00:00,2,13.000001,14.518862,1.5188607706298836
2017-06-24 10:00:00,2,15.0,15.785324,0.7853240966796875
2017-06-24 11:00:00,2,14.0,16.95234,2.9523391723632812
2017-06-24 12:00:00,2,14.0,15.133763,1.133763313293457
2017-06-24 13:00:00,2,18.0,14.039021,-3.960979461669922
2017-06-24 14:00:00,2,12.000001,16.659187,4.659186316894532
2017-06-24 15:00:00,2,15.0,15.476119,0.4761190414428711
2017-06-24 16:00:00,2,17.0,16.239445,-0.7605552673339844
2017-06-24 17:00:00,2,20.0,17.323383,-2.676616668701172
2017-06-24 18:00:00,2,21.0,19.8073,-1.1926994323730469
2017-06-24 19:00:00,2,21.0,21.66662,0.6666202545166016
2017-06-24 20:00:00,2,18.0,21.298344,3.2983436584472656
2017-06-24 21:00:00,2,17.0,19.216507,2.2165069580078125
2017-06-24 22:00:00,2,20.0,18.086372,-1.9136276245117188
2017-06-24 23:00:00,2,20.0,18.27211,-1.7278900146484375
2017-06-25 00:00:00,2,20.0,17.830858,-2.1691417694091797
2017-06-25 01:00:00,2,16.0,14.588583,-1.411417007446289
2017-06-25 02:00:00,2,16.0,13.033563,-2.966437339782715
2017-06-25 03:00:00,2,8.0,11.424267,3.424266815185547
2017-06-25 04:00:00,2,11.0,8.802445,-2.197554588317871
2017-06-25 05:00:00,2,11.0,8.168996,-2.8310041427612305
2017-06-25 06:00:00,2,11.0,8.690014,-2.309986114501953
2017-06-25 07:00:00,2,8.0,10.6465225,2.6465225219726562
2017-06-25 08:00:00,2,11.0,11.1272745,0.1272745132446289
2017-06-25 09:00:00,2,11.0,12.3014,1.3014001846313477
2017-06-25 10:00:00,2,13.000001,12.594956,-0.40504460198974535
2017-06-25 11:00:00,2,17.0,13.779004,-3.2209959030151367
2017-06-25 12:00:00,2,14.0,15.37653,1.3765296936035156
2017-06-25 13:00:00,2,17.0,13.810637,-3.1893625259399414
2017-06-25 14:00:00,2,13.000001,15.128466,2.128464652465821
2017-06-25 15:00:00,2,16.0,13.917946,-2.0820541381835938
2017-06-25 16:00:00,2,17.0,15.803618,-1.1963815689086914
2017-06-25 17:00:00,2,18.0,16.583464,-1.4165363311767578
2017-06-25 18:00:00,2,16.0,18.22099,2.220989227294922
2017-06-25 19:00:00,2,20.0,17.281841,-2.718158721923828
2017-06-25 20:00:00,2,21.0,18.530905,-2.469095230102539
2017-06-25 21:00:00,2,22.0,18.915243,-3.084756851196289
2017-06-25 22:00:00,2,20.0,20.892847,0.8928470611572266
2017-06-25 23:00:00,2,20.0,18.285858,-1.714141845703125
2017-06-26 00:00:00,2,25.000002,17.73622,-7.263782593872069
2017-06-26 01:00:00,2,18.0,16.929556,-1.070444107055664
2017-06-26 02:00:00,2,13.000001,14.301583,1.3015822901000984
2017-06-26 03:00:00,2,13.000001,11.209148,-1.7908525930175774
2017-06-26 04:00:00,2,11.0,10.746327,-0.25367259979248047
2017-06-26 05:00:00,2,12.000001,10.066261,-1.933739708496093
2017-06-26 06:00:00,2,13.000001,12.158779,-0.8412218557128899
2017-06-26 07:00:00,2,15.0,14.020031,-0.9799690246582031
2017-06-26 08:00:00,2,15.0,17.87498,2.874980926513672
2017-06-26 09:00:00,2,16.0,18.697727,2.6977272033691406
2017-06-26 10:00:00,2,18.0,20.566658,2.5666580200195312
2017-06-26 11:00:00,2,21.0,22.003134,1.003133773803711
2017-06-26 12:00:00,2,25.000002,22.038073,-2.961929413940428
2017-06-26 13:00:00,2,29.0,22.719948,-6.280052185058594
2017-06-26 14:00:00,2,28.0,25.148893,-2.851106643676758
2017-06-26 15:00:00,2,29.0,26.299717,-2.7002830505371094
2017-06-26 16:00:00,2,29.0,26.68033,-2.319669723510742
2017-06-26 17:00:00,2,30.0,27.552853,-2.4471473693847656
2017-06-26 18:00:00,2,37.0,28.603777,-8.396223068237305
2017-06-26 19:00:00,2,42.0,33.637848,-8.362152099609375
2017-06-26 20:00:00,2,41.0,36.741215,-4.258785247802734
2017-06-26 21:00:00,2,34.0,36.053516,2.053516387939453
2017-06-26 22:00:00,2,36.0,31.640053,-4.359947204589844
2017-06-26 23:00:00,2,37.0,31.164434,-5.835565567016602
2017-06-27 00:00:00,2,32.0,30.689762,-1.3102378845214844
2017-06-27 01:00:00,2,31.000002,25.253551,-5.746450516845702
2017-06-27 02:00:00,2,27.0,23.24547,-3.7545299530029297
2017-06-27 03:00:00,2,22.0,20.871765,-1.12823486328125
2017-06-27 04:00:00,2,19.0,19.129082,0.12908172607421875
2017-06-27 05:00:00,2,18.0,18.305223,0.3052234649658203
2017-06-27 06:00:00,2,14.0,19.152222,5.1522216796875
2017-06-27 07:00:00,2,19.0,18.96416,-0.035839080810546875
2017-06-27 08:00:00,2,19.0,21.88311,2.8831100463867188
2017-06-27 09:00:00,2,20.0,23.718452,3.7184524536132812
2017-06-27 10:00:00,2,23.0,26.865324,3.865324020385742
2017-06-27 11:00:00,2,28.0,28.109892,0.10989189147949219
2017-06-27 12:00:00,2,34.0,30.95865,-3.041349411010742
2017-06-27 13:00:00,2,35.0,32.593597,-2.406402587890625
2017-06-27 14:00:00,2,39.0,32.63936,-6.3606414794921875
2017-06-27 15:00:00,2,41.0,34.933907,-6.066093444824219
2017-06-27 16:00:00,2,37.0,36.60371,-0.3962898254394531
2017-06-27 17:00:00,2,41.0,35.99383,-5.006168365478516
2017-06-27 18:00:00,2,43.0,38.915966,-4.084033966064453
2017-06-27 19:00:00,2,44.0,42.15389,-1.8461112976074219
2017-06-27 20:00:00,2,41.0,40.95191,-0.048091888427734375
2017-06-27 21:00:00,2,34.0,38.215202,4.215202331542969
2017-06-27 22:00:00,2,32.0,33.925526,1.9255256652832031
2017-06-27 23:00:00,2,37.0,30.834145,-6.165855407714844
2017-06-28 00:00:00,2,33.0,31.388908,-1.6110916137695312
2017-06-28 01:00:00,2,31.000002,26.335066,-4.664936158325194
2017-06-28 02:00:00,2,25.000002,24.393578,-0.6064244243164048
2017-06-28 03:00:00,2,22.0,21.868177,-0.1318225860595703
2017-06-28 04:00:00,2,18.0,19.99337,1.9933700561523438
2017-06-28 05:00:00,2,18.0,19.31333,1.3133296966552734
2017-06-28 06:00:00,2,17.0,20.09714,3.097139358520508
2017-06-28 07:00:00,2,21.0,20.955988,-0.04401206970214844
2017-06-28 08:00:00,2,18.0,23.99631,5.996309280395508
2017-06-28 09:00:00,2,23.0,24.277939,1.2779388427734375
2017-06-28 10:00:00,2,24.000002,30.29403,6.294027235839845
2017-06-28 11:00:00,2,34.0,30.271866,-3.7281341552734375
2017-06-28 12:00:00,2,36.0,37.46403,1.4640312194824219
2017-06-28 13:00:00,2,26.0,33.58665,7.586650848388672
2017-06-28 14:00:00,2,39.0,30.57344,-8.426559448242188
2017-06-28 15:00:00,2,36.0,35.98339,-0.01660919189453125
2017-06-28 16:00:00,2,36.0,33.661503,-2.3384971618652344
2017-06-28 17:00:00,2,35.0,35.41745,0.417449951171875
2017-06-28 18:00:00,2,41.0,35.35885,-5.641151428222656
2017-06-28 19:00:00,2,44.0,40.120735,-3.8792648315429688
2017-06-28 20:00:00,2,40.0,40.41316,0.4131584167480469
2017-06-28 21:00:00,2,33.0,37.058697,4.058696746826172
2017-06-28 22:00:00,2,36.0,32.16249,-3.8375091552734375
2017-06-28 23:00:00,2,34.0,32.142822,-1.857177734375
2017-06-29 00:00:00,2,37.0,29.885914,-7.114086151123047
2017-06-29 01:00:00,2,24.000002,26.844727,2.8447245625000015
2017-06-29 02:00:00,2,26.0,23.125347,-2.874652862548828
2017-06-29 03:00:00,2,26.0,21.238167,-4.761833190917969
2017-06-29 04:00:00,2,16.0,20.224154,4.224153518676758
2017-06-29 05:00:00,2,13.000001,19.556755,6.5567540659179695
2017-06-29 06:00:00,2,18.0,18.559223,0.5592231750488281
2017-06-29 07:00:00,2,21.0,20.85282,-0.14718055725097656
2017-06-29 08:00:00,2,17.0,23.943354,6.943353652954102
2017-06-29 09:00:00,2,22.0,24.60001,2.6000099182128906
2017-06-29 10:00:00,2,24.000002,28.645256,4.64525404248047
2017-06-29 11:00:00,2,25.000002,31.59647,6.596467879150392
2017-06-29 12:00:00,2,36.0,28.97549,-7.024509429931641
2017-06-29 13:00:00,2,28.0,32.8442,4.844200134277344
2017-06-29 14:00:00,2,36.0,29.696217,-6.303783416748047
2017-06-29 15:00:00,2,36.0,32.975643,-3.0243568420410156
2017-06-29 16:00:00,2,31.000002,32.785896,1.7858943012695327
2017-06-29 17:00:00,2,38.0,31.32571,-6.674289703369141
2017-06-29 18:00:00,2,40.0,35.697586,-4.3024139404296875
2017-06-29 19:00:00,2,41.0,39.320263,-1.6797370910644531
2017-06-29 20:00:00,2,40.0,37.571568,-2.4284324645996094
2017-06-29 21:00:00,2,33.0,35.594833,2.5948333740234375
2017-06-29 22:00:00,2,32.0,32.11519,0.1151885986328125
2017-06-29 23:00:00,2,36.0,29.6355,-6.364500045776367
2017-06-30 00:00:00,2,33.0,30.40509,-2.59490966796875
2017-06-30 01:00:00,2,30.0,25.242336,-4.757663726806641
2017-06-30 02:00:00,2,27.0,23.34116,-3.6588401794433594
2017-06-30 03:00:00,2,20.0,21.789476,1.7894763946533203
2017-06-30 04:00:00,2,15.0,19.243242,4.243242263793945
2017-06-30 05:00:00,2,15.0,18.171976,3.171976089477539
2017-06-30 06:00:00,2,18.0,18.450659,0.45065879821777344
2017-06-30 07:00:00,2,19.0,20.932056,1.9320564270019531
2017-06-30 08:00:00,2,17.0,22.611582,5.611581802368164
2017-06-30 09:00:00,2,25.000002,23.807188,-1.1928139659423813
2017-06-30 10:00:00,2,25.000002,31.485298,6.485296156738283
2017-06-30 11:00:00,2,28.0,30.573135,2.5731353759765625
2017-06-30 12:00:00,2,28.0,32.27535,4.275348663330078
2017-06-30 13:00:00,2,33.0,27.517157,-5.482843399047852
2017-06-30 14:00:00,2,38.0,31.23299,-6.767009735107422
2017-06-30 15:00:00,2,33.0,34.546738,1.5467376708984375
2017-06-30 16:00:00,2,29.0,30.564215,1.5642147064208984
2017-06-30 17:00:00,2,32.0,29.488482,-2.5115184783935547
2017-06-30 18:00:00,2,34.0,30.734972,-3.2650279998779297
2017-06-30 19:00:00,2,34.0,32.52067,-1.4793281555175781
2017-06-30 20:00:00,2,35.0,32.539665,-2.4603347778320312
2017-06-30 21:00:00,2,31.000002,31.451992,0.45199003491211087
2017-06-30 22:00:00,2,29.0,28.126442,-0.8735580444335938
2017-06-30 23:00:00,2,27.0,26.829214,-0.17078590393066406
2017-06-04 21:00:00,3,10.0,8.741932,-1.2580680847167969
2017-06-04 22:00:00,3,11.0,8.738832,-2.261167526245117
2017-06-04 23:00:00,3,12.000001,8.947839,-3.052162216735839
2017-06-05 00:00:00,3,11.0,8.441834,-2.5581655502319336
2017-06-05 01:00:00,3,7.0,7.48537,0.4853701591491699
2017-06-05 02:00:00,3,8.0,6.6390924,-1.3609075546264648
2017-06-05 03:00:00,3,7.0,6.2122235,-0.7877764701843262
2017-06-05 04:00:00,3,4.0,6.0231404,2.0231404304504395
2017-06-05 05:00:00,3,7.0,5.851233,-1.1487669944763184
2017-06-05 06:00:00,3,7.0,6.3048415,-0.6951584815979004
2017-06-05 07:00:00,3,5.9999995,8.098052,2.098052524841308
2017-06-05 08:00:00,3,12.000001,9.613934,-2.3860674367675774
2017-06-05 09:00:00,3,10.0,12.111767,2.111766815185547
2017-06-05 10:00:00,3,17.0,12.514583,-4.485417366027832
2017-06-05 11:00:00,3,19.0,16.439062,-2.5609378814697266
2017-06-05 12:00:00,3,27.0,18.538883,-8.461116790771484
2017-06-05 13:00:00,3,18.0,20.745485,2.745485305786133
2017-06-05 14:00:00,3,27.0,18.987694,-8.012306213378906
2017-06-05 15:00:00,3,18.0,22.43188,4.431880950927734
2017-06-05 16:00:00,3,18.0,19.395176,1.3951759338378906
2017-06-05 17:00:00,3,20.0,19.81149,-0.18851089477539062
2017-06-05 18:00:00,3,24.000002,19.436886,-4.563116166259764
2017-06-05 19:00:00,3,25.000002,20.035862,-4.964140031005858
2017-06-05 20:00:00,3,22.0,20.53959,-1.460409164428711
2017-06-05 21:00:00,3,22.0,19.691507,-2.308492660522461
2017-06-05 22:00:00,3,20.0,18.797117,-1.2028827667236328
2017-06-05 23:00:00,3,21.0,17.033752,-3.96624755859375
2017-06-06 00:00:00,3,16.0,16.268923,0.2689228057861328
2017-06-06 01:00:00,3,12.000001,11.259345,-0.7406559453735344
2017-06-06 02:00:00,3,8.999999,9.756026,0.7560272680053703
2017-06-06 03:00:00,3,8.999999,8.471034,-0.5289649500122078
2017-06-06 04:00:00,3,8.0,7.6629157,-0.3370842933654785
2017-06-06 05:00:00,3,7.0,7.385871,0.38587093353271484
2017-06-06 06:00:00,3,5.0,7.9667454,2.966745376586914
2017-06-06 07:00:00,3,8.999999,9.175724,0.17572502954101488
2017-06-06 08:00:00,3,12.000001,11.049278,-0.9507227407226555
2017-06-06 09:00:00,3,16.0,14.455398,-1.544602394104004
2017-06-06 10:00:00,3,16.0,18.425716,2.4257164001464844
2017-06-06 11:00:00,3,24.000002,17.962578,-6.03742418017578
2017-06-06 12:00:00,3,27.0,24.585882,-2.4141178131103516
2017-06-06 13:00:00,3,29.0,22.420553,-6.579446792602539
2017-06-06 14:00:00,3,34.0,25.156408,-8.843591690063477
2017-06-06 15:00:00,3,27.0,28.232931,1.232931137084961
2017-06-06 16:00:00,3,23.0,26.689856,3.6898555755615234
2017-06-06 17:00:00,3,29.0,25.030834,-3.969165802001953
2017-06-06 18:00:00,3,22.0,26.385263,4.385263442993164
2017-06-06 19:00:00,3,23.0,23.646751,0.6467514038085938
2017-06-06 20:00:00,3,17.0,22.715862,5.715862274169922
2017-06-06 21:00:00,3,13.000001,18.884295,5.884293509887696
2017-06-06 22:00:00,3,22.0,16.132973,-5.867027282714844
2017-06-06 23:00:00,3,17.0,17.895021,0.8950214385986328
2017-06-07 00:00:00,3,16.0,15.0269575,-0.9730424880981445
2017-06-07 01:00:00,3,13.000001,11.153133,-1.8468676076660149
2017-06-07 02:00:00,3,11.0,9.6351795,-1.3648204803466797
2017-06-07 03:00:00,3,5.9999995,8.527625,2.5276255839233395
2017-06-07 04:00:00,3,5.0,7.6385636,2.638563632965088
2017-06-07 05:00:00,3,5.9999995,7.1255407,1.125541233337402
2017-06-07 06:00:00,3,8.0,7.4866705,-0.5133295059204102
2017-06-07 07:00:00,3,8.0,9.159645,1.1596450805664062
2017-06-07 08:00:00,3,20.0,10.774498,-9.225502014160156
2017-06-07 09:00:00,3,25.000002,19.672356,-5.32764634814453
2017-06-07 10:00:00,3,24.000002,24.163317,0.1633147266845718
2017-06-07 11:00:00,3,24.000002,24.12286,0.12285795483398587
2017-06-07 12:00:00,3,20.0,23.334028,3.3340282440185547
2017-06-07 13:00:00,3,24.000002,22.221252,-1.7787495585937485
2017-06-07 14:00:00,3,20.0,23.285872,3.2858715057373047
2017-06-07 15:00:00,3,25.000002,22.06752,-2.932481858398436
2017-06-07 16:00:00,3,20.0,23.859922,3.859922409057617
2017-06-07 17:00:00,3,27.0,22.165073,-4.834926605224609
2017-06-07 18:00:00,3,25.000002,24.58559,-0.4144116374511704
2017-06-07 19:00:00,3,22.0,23.668308,1.6683082580566406
2017-06-07 20:00:00,3,17.0,22.425686,5.425685882568359
2017-06-07 21:00:00,3,16.0,18.37107,2.3710708618164062
2017-06-07 22:00:00,3,19.0,17.228771,-1.7712287902832031
2017-06-07 23:00:00,3,17.0,16.173641,-0.8263587951660156
2017-06-08 00:00:00,3,13.000001,14.981145,1.9811439050903328
2017-06-08 01:00:00,3,10.0,10.781246,0.7812461853027344
2017-06-08 02:00:00,3,8.0,9.251384,1.2513837814331055
2017-06-08 03:00:00,3,8.0,7.917804,-0.08219623565673828
2017-06-08 04:00:00,3,5.0,7.177035,2.177034854888916
2017-06-08 05:00:00,3,5.0,6.6846137,1.6846137046813965
2017-06-08 06:00:00,3,8.0,6.9868536,-1.0131464004516602
2017-06-08 07:00:00,3,7.0,8.826497,1.8264970779418945
2017-06-08 08:00:00,3,7.0,10.617234,3.617234230041504
2017-06-08 09:00:00,3,14.0,12.615566,-1.3844337463378906
2017-06-08 10:00:00,3,18.0,16.697948,-1.3020515441894531
2017-06-08 11:00:00,3,21.0,19.287037,-1.7129631042480469
2017-06-08 12:00:00,3,23.0,19.186823,-3.8131771087646484
2017-06-08 13:00:00,3,16.0,20.432817,4.432817459106445
2017-06-08 14:00:00,3,17.0,18.664354,1.6643543243408203
2017-06-08 15:00:00,3,22.0,19.18801,-2.811990737915039
2017-06-08 16:00:00,3,23.0,21.792683,-1.2073173522949219
2017-06-08 17:00:00,3,23.0,23.099072,0.09907150268554688
2017-06-08 18:00:00,3,22.0,22.174555,0.17455482482910156
2017-06-08 19:00:00,3,15.0,21.605024,6.605024337768555
2017-06-08 20:00:00,3,14.0,18.111006,4.111005783081055
2017-06-08 21:00:00,3,15.0,15.967998,0.9679975509643555
2017-06-08 22:00:00,3,15.0,14.705868,-0.2941322326660156
2017-06-08 23:00:00,3,16.0,13.723209,-2.2767906188964844
2017-06-09 00:00:00,3,16.0,13.2967005,-2.7032995223999023
2017-06-09 01:00:00,3,8.999999,10.122094,1.1220951543579094
2017-06-09 02:00:00,3,8.999999,8.857931,-0.1420678629150398
2017-06-09 03:00:00,3,8.999999,7.563799,-1.4362000955810554
2017-06-09 04:00:00,3,5.9999995,6.9959664,0.9959669344787594
2017-06-09 05:00:00,3,5.0,6.6153836,1.6153836250305176
2017-06-09 06:00:00,3,8.0,6.8008666,-1.1991333961486816
2017-06-09 07:00:00,3,10.0,8.286973,-1.713027000427246
2017-06-09 08:00:00,3,11.0,10.262437,-0.7375631332397461
2017-06-09 09:00:00,3,11.0,14.040337,3.0403366088867188
2017-06-09 10:00:00,3,17.0,15.786839,-1.2131614685058594
2017-06-09 11:00:00,3,25.000002,18.229761,-6.770240876342772
2017-06-09 12:00:00,3,22.0,20.84154,-1.1584606170654297
2017-06-09 13:00:00,3,20.0,20.080978,0.0809783935546875
2017-06-09 14:00:00,3,20.0,20.570156,0.5701560974121094
2017-06-09 15:00:00,3,64.0,21.200977,-42.79902267456055
2017-06-09 16:00:00,3,46.0,51.87252,5.872520446777344
2017-06-09 17:00:00,3,35.0,37.73725,2.7372512817382812
2017-06-09 18:00:00,3,28.0,31.789421,3.7894210815429688
2017-06-09 19:00:00,3,26.0,28.317917,2.3179168701171875
2017-06-09 20:00:00,3,25.000002,26.012587,1.0125845936279312
2017-06-09 21:00:00,3,23.0,23.999805,0.9998054504394531
2017-06-09 22:00:00,3,24.000002,22.339142,-1.6608601542968735
2017-06-09 23:00:00,3,15.0,21.548082,6.54808235168457
2017-06-10 00:00:00,3,15.0,16.84727,1.847269058227539
2017-06-10 01:00:00,3,14.0,10.877797,-3.1222028732299805
2017-06-10 02:00:00,3,10.0,9.5397415,-0.46025848388671875
2017-06-10 03:00:00,3,8.999999,8.345829,-0.6541699899902351
2017-06-10 04:00:00,3,7.0,7.589228,0.5892281532287598
2017-06-10 05:00:00,3,4.0,7.2594714,3.2594714164733887
2017-06-10 06:00:00,3,5.9999995,7.4084377,1.4084382288818356
2017-06-10 07:00:00,3,8.0,8.25219,0.25218963623046875
2017-06-10 08:00:00,3,12.000001,9.587481,-2.412520454956054
2017-06-10 09:00:00,3,17.0,12.647594,-4.352405548095703
2017-06-10 10:00:00,3,15.0,17.604527,2.6045265197753906
2017-06-10 11:00:00,3,15.0,15.718371,0.7183713912963867
2017-06-10 12:00:00,3,26.0,14.528382,-11.471617698669434
2017-06-10 13:00:00,3,15.0,21.175356,6.175355911254883
2017-06-10 14:00:00,3,15.0,16.327017,1.327016830444336
2017-06-10 15:00:00,3,16.0,19.251143,3.2511425018310547
2017-06-10 16:00:00,3,15.0,18.049332,3.0493316650390625
2017-06-10 17:00:00,3,17.0,16.921013,-0.07898712158203125
2017-06-10 18:00:00,3,15.0,17.713999,2.713998794555664
2017-06-10 19:00:00,3,15.0,16.205244,1.2052440643310547
2017-06-10 20:00:00,3,17.0,16.017496,-0.9825038909912109
2017-06-10 21:00:00,3,15.0,15.936231,0.9362306594848633
2017-06-10 22:00:00,3,17.0,14.751432,-2.248567581176758
2017-06-10 23:00:00,3,16.0,14.68771,-1.3122901916503906
2017-06-11 00:00:00,3,13.000001,12.130069,-0.8699322210083
2017-06-11 01:00:00,3,5.9999995,8.730771,2.7307715647583004
2017-06-11 02:00:00,3,5.0,7.237157,2.237156867980957
2017-06-11 03:00:00,3,8.999999,6.1916447,-2.808354331420899
2017-06-11 04:00:00,3,5.0,5.909947,0.9099469184875488
2017-06-11 05:00:00,3,4.0,5.5457034,1.545703411102295
2017-06-11 06:00:00,3,4.0,5.7817698,1.7817697525024414
2017-06-11 07:00:00,3,7.0,6.7177033,-0.28229665756225586
2017-06-11 08:00:00,3,8.0,8.28995,0.2899503707885742
2017-06-11 09:00:00,3,8.999999,9.254939,0.2549400792846672
2017-06-11 10:00:00,3,11.0,9.620253,-1.3797473907470703
2017-06-11 11:00:00,3,8.999999,10.252238,1.2522392736206047
2017-06-11 12:00:00,3,17.0,10.487486,-6.512514114379883
2017-06-11 13:00:00,3,13.000001,13.3283615,0.3283605112304695
2017-06-11 14:00:00,3,8.999999,11.701793,2.7017937169799797
2017-06-11 15:00:00,3,11.0,10.24418,-0.7558202743530273
2017-06-11 16:00:00,3,12.000001,10.4581375,-1.541863487792968
2017-06-11 17:00:00,3,11.0,11.08118,0.08117961883544922
2017-06-11 18:00:00,3,13.000001,11.471073,-1.5289278493652336
2017-06-11 19:00:00,3,10.0,11.729466,1.729466438293457
2017-06-11 20:00:00,3,13.000001,9.73172,-3.2682810292968743
2017-06-11 21:00:00,3,14.0,11.136137,-2.863862991333008
2017-06-11 22:00:00,3,15.0,11.215736,-3.7842636108398438
2017-06-11 23:00:00,3,11.0,11.733992,0.7339916229248047
2017-06-12 00:00:00,3,10.0,9.091146,-0.9088535308837891
2017-06-12 01:00:00,3,8.999999,7.718129,-1.2818698419799812
2017-06-12 02:00:00,3,5.0,6.8883085,1.8883085250854492
2017-06-12 03:00:00,3,8.0,6.1990085,-1.8009915351867676
2017-06-12 04:00:00,3,7.0,6.0855894,-0.9144105911254883
2017-06-12 05:00:00,3,5.9999995,6.171515,0.17151548794555627
2017-06-12 06:00:00,3,7.0,6.82099,-0.17900991439819336
2017-06-12 07:00:00,3,8.0,8.438216,0.4382162094116211
2017-06-12 08:00:00,3,11.0,10.261663,-0.7383365631103516
2017-06-12 09:00:00,3,16.0,12.130913,-3.8690872192382812
2017-06-12 10:00:00,3,20.0,16.436792,-3.5632076263427734
2017-06-12 11:00:00,3,24.000002,18.458832,-5.5411702128906235
2017-06-12 12:00:00,3,30.0,21.264452,-8.73554801940918
2017-06-12 13:00:00,3,28.0,23.315334,-4.684665679931641
2017-06-12 14:00:00,3,24.000002,24.43619,0.4361876514892593
2017-06-12 15:00:00,3,28.0,23.07328,-4.926719665527344
2017-06-12 16:00:00,3,21.0,24.549109,3.5491085052490234
2017-06-12 17:00:00,3,22.0,22.088562,0.08856201171875
2017-06-12 18:00:00,3,18.0,22.244806,4.244806289672852
2017-06-12 19:00:00,3,21.0,19.407314,-1.5926856994628906
2017-06-12 20:00:00,3,18.0,19.492508,1.4925079345703125
2017-06-12 21:00:00,3,21.0,17.382011,-3.6179885864257812
2017-06-12 22:00:00,3,14.0,17.682873,3.682872772216797
2017-06-12 23:00:00,3,17.0,14.412478,-2.587521553039551
2017-06-13 00:00:00,3,15.0,13.977649,-1.0223512649536133
2017-06-13 01:00:00,3,10.0,10.743084,0.7430839538574219
2017-06-13 02:00:00,3,11.0,9.3136425,-1.6863574981689453
2017-06-13 03:00:00,3,11.0,7.9811816,-3.0188183784484863
2017-06-13 04:00:00,3,11.0,7.4969263,-3.5030736923217773
2017-06-13 05:00:00,3,5.9999995,7.431204,1.4312043421630856
2017-06-13 06:00:00,3,7.0,7.329741,0.3297410011291504
2017-06-13 07:00:00,3,12.000001,8.646978,-3.353022621704101
2017-06-13 08:00:00,3,11.0,11.476848,0.47684764862060547
2017-06-13 09:00:00,3,16.0,14.13039,-1.8696098327636719
2017-06-13 10:00:00,3,22.0,17.520922,-4.47907829284668
2017-06-13 11:00:00,3,22.0,21.694563,-0.3054370880126953
2017-06-13 12:00:00,3,22.0,21.73851,-0.2614898681640625
2017-06-13 13:00:00,3,27.0,21.834332,-5.165668487548828
2017-06-13 14:00:00,3,26.0,24.487932,-1.5120677947998047
2017-06-13 15:00:00,3,22.0,24.675518,2.675518035888672
2017-06-13 16:00:00,3,20.0,22.890005,2.890005111694336
2017-06-13 17:00:00,3,25.000002,22.302162,-2.6978398295898423
2017-06-13 18:00:00,3,111.99999,23.055532,-88.94445754455566
2017-06-13 19:00:00,3,69.0,90.707535,21.707534790039062
2017-06-13 20:00:00,3,44.0,51.96761,7.967609405517578
2017-06-13 21:00:00,3,39.0,33.85561,-5.144390106201172
2017-06-13 22:00:00,3,31.000002,32.820606,1.8206042316894546
2017-06-13 23:00:00,3,30.0,26.994019,-3.0059814453125
2017-06-14 00:00:00,3,22.0,24.198061,2.198060989379883
2017-06-14 01:00:00,3,16.0,16.850447,0.8504467010498047
2017-06-14 02:00:00,3,13.000001,13.84711,0.8471087946167
2017-06-14 03:00:00,3,14.0,10.811277,-3.188722610473633
2017-06-14 04:00:00,3,8.999999,11.709554,2.709554718566894
2017-06-14 05:00:00,3,10.0,11.30085,1.3008499145507812
2017-06-14 06:00:00,3,13.000001,12.392835,-0.607166336608886
2017-06-14 07:00:00,3,17.0,15.909111,-1.0908889770507812
2017-06-14 08:00:00,3,20.0,21.728016,1.7280158996582031
2017-06-14 09:00:00,3,26.0,25.495073,-0.5049266815185547
2017-06-14 10:00:00,3,27.0,28.890509,1.8905086517333984
2017-06-14 11:00:00,3,34.0,27.771381,-6.228618621826172
2017-06-14 12:00:00,3,33.0,28.931059,-4.068941116333008
2017-06-14 13:00:00,3,30.0,29.937654,-0.06234550476074219
2017-06-14 14:00:00,3,30.0,29.06126,-0.9387397766113281
2017-06-14 15:00:00,3,29.0,29.058933,0.058933258056640625
2017-06-14 16:00:00,3,30.0,28.043274,-1.95672607421875
2017-06-14 17:00:00,3,23.0,29.399809,6.399808883666992
2017-06-14 18:00:00,3,26.0,31.913996,5.913995742797852
2017-06-14 19:00:00,3,21.0,28.691563,7.691562652587891
2017-06-14 20:00:00,3,21.0,23.496367,2.496366500854492
2017-06-14 21:00:00,3,23.0,22.412691,-0.5873088836669922
2017-06-14 22:00:00,3,23.0,21.959925,-1.0400753021240234
2017-06-14 23:00:00,3,19.0,20.878477,1.8784770965576172
2017-06-15 00:00:00,3,21.0,17.997995,-3.002004623413086
2017-06-15 01:00:00,3,14.0,14.64779,0.6477899551391602
2017-06-15 02:00:00,3,11.0,10.98032,-0.019680023193359375
2017-06-15 03:00:00,3,7.0,9.129426,2.1294260025024414
2017-06-15 04:00:00,3,7.0,8.116592,1.1165924072265625
2017-06-15 05:00:00,3,10.0,7.880387,-2.1196131706237793
2017-06-15 06:00:00,3,8.999999,9.186674,0.18667511804199144
2017-06-15 07:00:00,3,10.0,10.774498,0.7744979858398438
2017-06-15 08:00:00,3,11.0,13.593515,2.593515396118164
2017-06-15 09:00:00,3,16.0,16.45951,0.45951080322265625
2017-06-15 10:00:00,3,23.0,19.760746,-3.2392539978027344
2017-06-15 11:00:00,3,26.0,23.74932,-2.250680923461914
2017-06-15 12:00:00,3,28.0,24.403473,-3.596527099609375
2017-06-15 13:00:00,3,20.0,24.672466,4.672466278076172
2017-06-15 14:00:00,3,27.0,22.702597,-4.297403335571289
2017-06-15 15:00:00,3,25.000002,25.622057,0.6220549610595718
2017-06-15 16:00:00,3,18.0,25.217503,7.217502593994141
2017-06-15 17:00:00,3,24.000002,22.014488,-1.9855137797851548
2017-06-15 18:00:00,3,16.0,23.548122,7.548122406005859
2017-06-15 19:00:00,3,20.0,18.995777,-1.0042228698730469
2017-06-15 20:00:00,3,25.000002,19.670708,-5.32929429736328
2017-06-15 21:00:00,3,27.0,21.290487,-5.709512710571289
2017-06-15 22:00:00,3,22.0,22.284733,0.2847328186035156
2017-06-15 23:00:00,3,17.0,19.680065,2.680065155029297
2017-06-16 00:00:00,3,16.0,17.356264,1.3562641143798828
2017-06-16 01:00:00,3,10.0,12.511923,2.511922836303711
2017-06-16 02:00:00,3,10.0,9.769038,-0.23096179962158203
2017-06-16 03:00:00,3,7.0,8.291493,1.2914934158325195
2017-06-16 04:00:00,3,7.0,7.356283,0.35628318786621094
2017-06-16 05:00:00,3,7.0,7.15546,0.15545988082885742
2017-06-16 06:00:00,3,8.999999,7.8640366,-1.135962439941407
2017-06-16 07:00:00,3,8.999999,9.676093,0.6760941015014641
2017-06-16 08:00:00,3,14.0,11.488333,-2.511667251586914
2017-06-16 09:00:00,3,13.000001,15.88645,2.886448813842774
2017-06-16 10:00:00,3,16.0,17.283628,1.2836284637451172
2017-06-16 11:00:00,3,22.0,19.36414,-2.6358604431152344
2017-06-16 12:00:00,3,24.000002,20.482092,-3.517910096313475
2017-06-16 13:00:00,3,20.0,20.89192,0.8919200897216797
2017-06-16 14:00:00,3,18.0,20.922153,2.9221534729003906
2017-06-16 15:00:00,3,25.000002,23.619108,-1.3808937999267563
2017-06-16 16:00:00,3,25.000002,23.600178,-1.3998242351074204
2017-06-16 17:00:00,3,19.0,23.045635,4.045635223388672
2017-06-16 18:00:00,3,19.0,20.835684,1.835683822631836
2017-06-16 19:00:00,3,20.0,20.364977,0.3649768829345703
2017-06-16 20:00:00,3,22.0,20.141848,-1.8581523895263672
2017-06-16 21:00:00,3,17.0,20.440102,3.4401016235351562
2017-06-16 22:00:00,3,15.0,17.764954,2.76495361328125
2017-06-16 23:00:00,3,16.0,15.307854,-0.6921463012695312
2017-06-17 00:00:00,3,14.0,14.835246,0.8352460861206055
2017-06-17 01:00:00,3,10.0,9.995271,-0.004729270935058594
2017-06-17 02:00:00,3,10.0,8.277114,-1.722886085510254
2017-06-17 03:00:00,3,8.0,7.2325773,-0.7674226760864258
2017-06-17 04:00:00,3,7.0,6.5277843,-0.4722156524658203
2017-06-17 05:00:00,3,7.0,6.1633873,-0.8366127014160156
2017-06-17 06:00:00,3,5.0,6.324847,1.3248472213745117
2017-06-17 07:00:00,3,5.0,7.0916057,2.0916056632995605
2017-06-17 08:00:00,3,12.000001,8.208792,-3.7912092672119133
2017-06-17 09:00:00,3,14.0,11.527246,-2.4727535247802734
2017-06-17 10:00:00,3,17.0,13.677494,-3.3225059509277344
2017-06-17 11:00:00,3,16.0,16.38897,0.38896942138671875
2017-06-17 12:00:00,3,29.0,16.951149,-12.048851013183594
2017-06-17 13:00:00,3,11.0,22.298155,11.298154830932617
2017-06-17 14:00:00,3,20.0,14.351081,-5.648919105529785
2017-06-17 15:00:00,3,18.0,19.25954,1.2595405578613281
2017-06-17 16:00:00,3,15.0,17.74181,2.741809844970703
2017-06-17 17:00:00,3,20.0,16.834026,-3.165973663330078
2017-06-17 18:00:00,3,13.000001,19.062395,6.062394095825196
2017-06-17 19:00:00,3,18.0,15.061318,-2.9386816024780273
2017-06-17 20:00:00,3,14.0,18.12794,4.127939224243164
2017-06-17 21:00:00,3,20.0,13.821581,-6.17841911315918
2017-06-17 22:00:00,3,15.0,17.409512,2.4095115661621094
2017-06-17 23:00:00,3,13.000001,13.408388,0.40838713781738356
2017-06-18 00:00:00,3,16.0,11.075228,-4.924772262573242
2017-06-18 01:00:00,3,10.0,8.632361,-1.3676385879516602
2017-06-18 02:00:00,3,8.999999,7.4528875,-1.547111464904786
2017-06-18 03:00:00,3,7.0,6.730685,-0.2693147659301758
2017-06-18 04:00:00,3,4.0,6.087805,2.0878047943115234
2017-06-18 05:00:00,3,4.0,5.637095,1.6370949745178223
2017-06-18 06:00:00,3,5.0,5.54026,0.540259838104248
2017-06-18 07:00:00,3,4.0,6.5730495,2.573049545288086
2017-06-18 08:00:00,3,11.0,7.752278,-3.2477221488952637
2017-06-18 09:00:00,3,12.000001,10.538068,-1.461933182312011
2017-06-18 10:00:00,3,17.0,12.288172,-4.711828231811523
2017-06-18 11:00:00,3,12.000001,15.158226,3.1582250131835945
2017-06-18 12:00:00,3,18.0,13.826549,-4.1734514236450195
2017-06-18 13:00:00,3,16.0,14.910299,-1.089700698852539
2017-06-18 14:00:00,3,14.0,14.135432,0.13543224334716797
2017-06-18 15:00:00,3,15.0,14.186598,-0.8134021759033203
2017-06-18 16:00:00,3,16.0,14.45067,-1.5493297576904297
2017-06-18 17:00:00,3,13.000001,15.522154,2.522152854370118
2017-06-18 18:00:00,3,14.0,13.722374,-0.27762603759765625
2017-06-18 19:00:00,3,14.0,13.934193,-0.06580734252929688
2017-06-18 20:00:00,3,17.0,13.382772,-3.617227554321289
2017-06-18 21:00:00,3,12.000001,15.438196,3.4381951822509773
2017-06-18 22:00:00,3,17.0,11.597444,-5.402556419372559
2017-06-18 23:00:00,3,18.0,13.30042,-4.699580192565918
2017-06-19 00:00:00,3,12.000001,13.079199,1.0791978372802742
2017-06-19 01:00:00,3,12.000001,8.582402,-3.417598770690917
2017-06-19 02:00:00,3,5.9999995,7.790129,1.7901296847229
2017-06-19 03:00:00,3,5.9999995,6.8763585,0.8763590090637203
2017-06-19 04:00:00,3,5.0,6.448757,1.4487571716308594
2017-06-19 05:00:00,3,8.999999,6.245877,-2.754122210906983
2017-06-19 06:00:00,3,11.0,7.4968357,-3.503164291381836
2017-06-19 07:00:00,3,8.999999,9.657889,0.6578903661499016
2017-06-19 08:00:00,3,11.0,11.534074,0.5340738296508789
2017-06-19 09:00:00,3,10.0,14.488077,4.488077163696289
2017-06-19 10:00:00,3,25.000002,14.542278,-10.457723710205077
2017-06-19 11:00:00,3,30.0,21.98624,-8.01375961303711
2017-06-19 12:00:00,3,32.0,25.768373,-6.231626510620117
2017-06-19 13:00:00,3,28.0,26.15824,-1.8417606353759766
2017-06-19 14:00:00,3,34.0,25.29954,-8.700460433959961
2017-06-19 15:00:00,3,30.0,28.577944,-1.4220561981201172
2017-06-19 16:00:00,3,24.000002,27.395205,3.3952025440673843
2017-06-19 17:00:00,3,34.0,24.810783,-9.189216613769531
2017-06-19 18:00:00,3,36.0,29.839046,-6.160953521728516
2017-06-19 19:00:00,3,27.0,32.81641,5.816410064697266
2017-06-19 20:00:00,3,27.0,26.086874,-0.9131259918212891
2017-06-19 21:00:00,3,20.0,24.849289,4.8492889404296875
2017-06-19 22:00:00,3,34.0,20.289457,-13.710542678833008
2017-06-19 23:00:00,3,25.000002,27.981993,2.9819907215576187
2017-06-20 00:00:00,3,16.0,20.691982,4.691982269287109
2017-06-20 01:00:00,3,10.0,14.334735,4.334734916687012
2017-06-20 02:00:00,3,13.000001,10.781794,-2.2182074056396477
2017-06-20 03:00:00,3,7.0,9.211495,2.2114953994750977
2017-06-20 04:00:00,3,8.0,8.220472,0.2204723358154297
2017-06-20 05:00:00,3,8.0,8.110949,0.11094856262207031
2017-06-20 06:00:00,3,8.0,9.15946,1.1594600677490234
2017-06-20 07:00:00,3,8.999999,10.752169,1.752169655395507
2017-06-20 08:00:00,3,13.000001,12.151631,-0.8483696447143547
2017-06-20 09:00:00,3,16.0,15.740522,-0.2594776153564453
2017-06-20 10:00:00,3,28.0,19.723328,-8.27667236328125
2017-06-20 11:00:00,3,26.0,27.485415,1.4854145050048828
2017-06-20 12:00:00,3,29.0,23.641115,-5.358884811401367
2017-06-20 13:00:00,3,25.000002,26.040695,1.040693190429689
2017-06-20 14:00:00,3,32.0,25.573824,-6.426176071166992
2017-06-20 15:00:00,3,27.0,28.020151,1.020151138305664
2017-06-20 16:00:00,3,27.0,26.174541,-0.8254585266113281
2017-06-20 17:00:00,3,24.000002,27.535042,3.5350398090820327
2017-06-20 18:00:00,3,26.0,41.487236,15.487236022949219
2017-06-20 19:00:00,3,24.000002,26.745792,2.745790388916017
2017-06-20 20:00:00,3,18.0,22.936327,4.93632698059082
2017-06-20 21:00:00,3,22.0,21.085154,-0.9148464202880859
2017-06-20 22:00:00,3,19.0,21.334753,2.3347530364990234
2017-06-20 23:00:00,3,19.0,18.847143,-0.15285682678222656
2017-06-21 00:00:00,3,17.0,17.030764,0.030763626098632812
2017-06-21 01:00:00,3,15.0,12.62225,-2.3777503967285156
2017-06-21 02:00:00,3,13.000001,10.701461,-2.298540161682128
2017-06-21 03:00:00,3,10.0,8.848412,-1.1515884399414062
2017-06-21 04:00:00,3,10.0,8.090496,-1.9095039367675781
2017-06-21 05:00:00,3,5.9999995,7.906248,1.9062485926513668
2017-06-21 06:00:00,3,7.0,8.478411,1.4784107208251953
2017-06-21 07:00:00,3,7.0,9.972674,2.9726743698120117
2017-06-21 08:00:00,3,10.0,11.549776,1.5497760772705078
2017-06-21 09:00:00,3,13.000001,14.799666,1.7996654047241218
2017-06-21 10:00:00,3,24.000002,17.629663,-6.370338532592772
2017-06-21 11:00:00,3,22.0,24.030224,2.030223846435547
2017-06-21 12:00:00,3,26.0,21.318968,-4.681032180786133
2017-06-21 13:00:00,3,23.0,22.972052,-0.027948379516601562
2017-06-21 14:00:00,3,53.0,23.369265,-29.630735397338867
2017-06-21 15:00:00,3,37.0,42.989002,5.989002227783203
2017-06-21 16:00:00,3,28.0,33.13845,5.138450622558594
2017-06-21 17:00:00,3,31.000002,29.301634,-1.6983681651611313
2017-06-21 18:00:00,3,30.0,29.483992,-0.5160083770751953
2017-06-21 19:00:00,3,26.0,28.462759,2.462759017944336
2017-06-21 20:00:00,3,21.0,25.773083,4.773082733154297
2017-06-21 21:00:00,3,26.0,22.99546,-3.0045394897460938
2017-06-21 22:00:00,3,23.0,23.525894,0.5258941650390625
2017-06-21 23:00:00,3,23.0,20.749552,-2.250448226928711
2017-06-22 00:00:00,3,16.0,20.441029,4.441028594970703
2017-06-22 01:00:00,3,13.000001,14.132539,1.1325377954711922
2017-06-22 02:00:00,3,13.000001,11.106676,-1.893324898315429
2017-06-22 03:00:00,3,7.0,9.184239,2.184239387512207
2017-06-22 04:00:00,3,5.9999995,8.168089,2.168089412963867
2017-06-22 05:00:00,3,8.999999,7.9058027,-1.0941962732543953
2017-06-22 06:00:00,3,10.0,8.908933,-1.0910673141479492
2017-06-22 07:00:00,3,8.999999,10.531852,1.5318527684936516
2017-06-22 08:00:00,3,12.000001,12.317921,0.3179196848144539
2017-06-22 09:00:00,3,20.0,15.718596,-4.281403541564941
2017-06-22 10:00:00,3,30.0,21.998198,-8.001802444458008
2017-06-22 11:00:00,3,32.0,29.1993,-2.800699234008789
2017-06-22 12:00:00,3,33.0,27.558403,-5.441596984863281
2017-06-22 13:00:00,3,25.000002,28.051981,3.0519789722900406
2017-06-22 14:00:00,3,162.0,28.461008,-133.5389919281006
2017-06-22 15:00:00,3,83.0,107.079704,24.07970428466797
2017-06-22 16:00:00,3,60.0,64.29945,4.2994537353515625
2017-06-22 17:00:00,3,52.0,46.197,-5.803001403808594
2017-06-22 18:00:00,3,44.0,43.810555,-0.18944549560546875
2017-06-22 19:00:00,3,39.0,37.27131,-1.7286911010742188
2017-06-22 20:00:00,3,34.0,33.730408,-0.26959228515625
2017-06-22 21:00:00,3,36.0,32.27985,-3.7201499938964844
2017-06-22 22:00:00,3,34.0,31.804678,-2.195322036743164
2017-06-22 23:00:00,3,27.0,29.562944,2.5629444122314453
2017-06-23 00:00:00,3,25.000002,25.37459,0.3745879200439468
2017-06-23 01:00:00,3,15.0,19.81364,4.813640594482422
2017-06-23 02:00:00,3,11.0,14.751975,3.7519750595092773
2017-06-23 03:00:00,3,5.9999995,10.66272,4.6627202265625
2017-06-23 04:00:00,3,10.0,9.5647745,-0.4352254867553711
2017-06-23 05:00:00,3,10.0,10.233913,0.23391342163085938
2017-06-23 06:00:00,3,7.0,11.36843,4.368430137634277
2017-06-23 07:00:00,3,14.0,12.334747,-1.665252685546875
2017-06-23 08:00:00,3,15.0,17.672056,2.672056198120117
2017-06-23 09:00:00,3,19.0,19.839905,0.83990478515625
2017-06-23 10:00:00,3,27.0,23.41895,-3.5810508728027344
2017-06-23 11:00:00,3,31.000002,27.7924,-3.2076016398925766
2017-06-23 12:00:00,3,31.000002,28.250193,-2.7498093577880844
2017-06-23 13:00:00,3,22.0,27.47854,5.478540420532227
2017-06-23 14:00:00,3,30.0,32.928,2.9280014038085938
2017-06-23 15:00:00,3,31.000002,31.924438,0.9244364765625015
2017-06-23 16:00:00,3,28.0,29.750732,1.750732421875
2017-06-23 17:00:00,3,29.0,28.631126,-0.36887359619140625
2017-06-23 18:00:00,3,25.000002,28.822542,3.8225401905517593
2017-06-23 19:00:00,3,27.0,27.263184,0.26318359375
2017-06-23 20:00:00,3,21.0,27.245665,6.245664596557617
2017-06-23 21:00:00,3,19.0,23.400955,4.4009552001953125
2017-06-23 22:00:00,3,20.0,21.124416,1.1244163513183594
2017-06-23 23:00:00,3,23.0,19.61192,-3.388080596923828
2017-06-24 00:00:00,3,16.0,20.656597,4.656597137451172
2017-06-24 01:00:00,3,10.0,11.625181,1.6251811981201172
2017-06-24 02:00:00,3,12.000001,9.41173,-2.588271187377929
2017-06-24 03:00:00,3,8.999999,8.225722,-0.7742766870727547
2017-06-24 04:00:00,3,7.0,7.421541,0.4215412139892578
2017-06-24 05:00:00,3,5.9999995,6.997895,0.9978952639465328
2017-06-24 06:00:00,3,7.0,7.350566,0.35056591033935547
2017-06-24 07:00:00,3,11.0,8.392308,-2.607691764831543
2017-06-24 08:00:00,3,12.000001,11.234926,-0.7650747762451164
2017-06-24 09:00:00,3,16.0,13.848525,-2.151474952697754
2017-06-24 10:00:00,3,16.0,17.750069,1.7500686645507812
2017-06-24 11:00:00,3,17.0,17.077745,0.07774543762207031
2017-06-24 12:00:00,3,21.0,18.479334,-2.5206661224365234
2017-06-24 13:00:00,3,22.0,17.463615,-4.536384582519531
2017-06-24 14:00:00,3,19.0,20.659101,1.6591014862060547
2017-06-24 15:00:00,3,20.0,20.263742,0.26374244689941406
2017-06-24 16:00:00,3,16.0,20.193817,4.193817138671875
2017-06-24 17:00:00,3,22.0,18.622234,-3.377765655517578
2017-06-24 18:00:00,3,23.0,21.01736,-1.9826393127441406
2017-06-24 19:00:00,3,21.0,23.060753,2.0607528686523438
2017-06-24 20:00:00,3,21.0,20.757982,-0.2420177459716797
2017-06-24 21:00:00,3,23.0,20.64459,-2.355409622192383
2017-06-24 22:00:00,3,24.000002,20.49032,-3.509681794311522
2017-06-24 23:00:00,3,20.0,20.805689,0.8056888580322266
2017-06-25 00:00:00,3,21.0,17.021544,-3.978456497192383
2017-06-25 01:00:00,3,10.0,11.979028,1.9790277481079102
2017-06-25 02:00:00,3,11.0,8.667802,-2.332198143005371
2017-06-25 03:00:00,3,8.999999,7.781242,-1.2187571062316902
2017-06-25 04:00:00,3,7.0,6.9711976,-0.02880239486694336
2017-06-25 05:00:00,3,8.999999,6.601568,-2.3984307779541023
2017-06-25 06:00:00,3,7.0,7.5770564,0.5770564079284668
2017-06-25 07:00:00,3,11.0,8.545034,-2.454965591430664
2017-06-25 08:00:00,3,12.000001,12.222528,0.2225274576416023
2017-06-25 09:00:00,3,13.000001,14.060675,1.0606736673583992
2017-06-25 10:00:00,3,17.0,15.563013,-1.4369869232177734
2017-06-25 11:00:00,3,22.0,16.295963,-5.704036712646484
2017-06-25 12:00:00,3,24.000002,20.079214,-3.9207879039306626
2017-06-25 13:00:00,3,18.0,21.31274,3.3127403259277344
2017-06-25 14:00:00,3,15.0,18.30899,3.308990478515625
2017-06-25 15:00:00,3,14.0,16.53435,2.5343494415283203
2017-06-25 16:00:00,3,15.0,15.026647,0.02664661407470703
2017-06-25 17:00:00,3,14.0,15.575978,1.5759782791137695
2017-06-25 18:00:00,3,17.0,15.445012,-1.554987907409668
2017-06-25 19:00:00,3,11.0,16.946342,5.946342468261719
2017-06-25 20:00:00,3,16.0,13.171105,-2.82889461517334
2017-06-25 21:00:00,3,13.000001,14.975592,1.9755906595458992
2017-06-25 22:00:00,3,15.0,12.755421,-2.244579315185547
2017-06-25 23:00:00,3,14.0,13.452392,-0.5476083755493164
2017-06-26 00:00:00,3,13.000001,11.346261,-1.6537399755249016
2017-06-26 01:00:00,3,11.0,8.418811,-2.5811891555786133
2017-06-26 02:00:00,3,7.0,7.536064,0.5360641479492188
2017-06-26 03:00:00,3,4.0,6.749323,2.7493228912353516
2017-06-26 04:00:00,3,8.0,6.1374693,-1.8625307083129883
2017-06-26 05:00:00,3,5.9999995,6.377526,0.3775263064270016
2017-06-26 06:00:00,3,7.0,7.340627,0.34062719345092773
2017-06-26 07:00:00,3,8.0,9.0954275,1.0954275131225586
2017-06-26 08:00:00,3,10.0,10.712196,0.7121963500976562
2017-06-26 09:00:00,3,16.0,12.319986,-3.680013656616211
2017-06-26 10:00:00,3,20.0,18.041506,-1.9584941864013672
2017-06-26 11:00:00,3,20.0,20.664576,0.6645755767822266
2017-06-26 12:00:00,3,20.0,19.303246,-0.6967544555664062
2017-06-26 13:00:00,3,21.0,18.876131,-2.123868942260742
2017-06-26 14:00:00,3,27.0,20.033785,-6.966215133666992
2017-06-26 15:00:00,3,25.000002,22.740728,-2.2592736217041
2017-06-26 16:00:00,3,21.0,22.516878,1.5168781280517578
2017-06-26 17:00:00,3,24.000002,22.20257,-1.797432038452147
2017-06-26 18:00:00,3,27.0,23.287348,-3.7126522064208984
2017-06-26 19:00:00,3,26.0,22.912992,-3.087007522583008
2017-06-26 20:00:00,3,20.0,22.944923,2.9449234008789062
2017-06-26 21:00:00,3,24.000002,19.64916,-4.350841614868163
2017-06-26 22:00:00,3,24.000002,21.280731,-2.7192707988281235
2017-06-26 23:00:00,3,25.000002,19.465282,-5.534719559814452
2017-06-27 00:00:00,3,17.0,18.855492,1.8554916381835938
2017-06-27 01:00:00,3,14.0,13.429834,-0.5701656341552734
2017-06-27 02:00:00,3,12.000001,10.742704,-1.257296608520507
2017-06-27 03:00:00,3,10.0,9.018993,-0.9810066223144531
2017-06-27 04:00:00,3,8.0,8.027527,0.02752685546875
2017-06-27 05:00:00,3,5.9999995,7.6433454,1.6433458559875485
2017-06-27 06:00:00,3,5.9999995,8.0335245,2.0335250132446285
2017-06-27 07:00:00,3,8.999999,9.339691,0.33969216210937425
2017-06-27 08:00:00,3,11.0,11.280272,0.2802715301513672
2017-06-27 09:00:00,3,16.0,14.431829,-1.5681705474853516
2017-06-27 10:00:00,3,21.0,19.560411,-1.4395885467529297
2017-06-27 11:00:00,3,40.0,21.026499,-18.973501205444336
2017-06-27 12:00:00,3,33.0,35.357986,2.3579864501953125
2017-06-27 13:00:00,3,40.0,27.992344,-12.00765609741211
2017-06-27 14:00:00,3,43.0,33.894894,-9.105106353759766
2017-06-27 15:00:00,3,36.0,35.04632,-0.9536781311035156
2017-06-27 16:00:00,3,36.0,31.805046,-4.194953918457031
2017-06-27 17:00:00,3,41.0,32.251568,-8.748432159423828
2017-06-27 18:00:00,3,34.0,37.59476,3.5947608947753906
2017-06-27 19:00:00,3,30.0,32.37223,2.3722305297851562
2017-06-27 20:00:00,3,25.000002,28.679268,3.6792658833007827
2017-06-27 21:00:00,3,28.0,25.919333,-2.080667495727539
2017-06-27 22:00:00,3,29.0,25.466122,-3.5338783264160156
2017-06-27 23:00:00,3,22.0,24.800362,2.8003616333007812
2017-06-28 00:00:00,3,20.0,20.730124,0.7301235198974609
2017-06-28 01:00:00,3,12.000001,16.197863,4.197861625122071
2017-06-28 02:00:00,3,8.0,11.584252,3.58425235748291
2017-06-28 03:00:00,3,8.999999,9.592553,0.5925541387329094
2017-06-28 04:00:00,3,8.999999,8.494127,-0.5058717264404304
2017-06-28 05:00:00,3,8.999999,8.464092,-0.5359067453613289
2017-06-28 06:00:00,3,8.999999,9.5088005,0.5088015065917961
2017-06-28 07:00:00,3,8.0,10.9185705,2.9185705184936523
2017-06-28 08:00:00,3,11.0,12.171876,1.1718759536743164
2017-06-28 09:00:00,3,20.0,15.175968,-4.824031829833984
2017-06-28 10:00:00,3,25.000002,22.204527,-2.7954750987548813
2017-06-28 11:00:00,3,32.0,25.750956,-6.249044418334961
2017-06-28 12:00:00,3,26.0,27.830013,1.8300132751464844
2017-06-28 13:00:00,3,30.0,25.770445,-4.229555130004883
2017-06-28 14:00:00,3,33.0,31.548323,-1.4516773223876953
2017-06-28 15:00:00,3,32.0,30.219864,-1.7801361083984375
2017-06-28 16:00:00,3,31.000002,29.294651,-1.7053509685058579
2017-06-28 17:00:00,3,29.0,30.158844,1.158843994140625
2017-06-28 18:00:00,3,28.0,29.54311,1.5431098937988281
2017-06-28 19:00:00,3,31.000002,27.725792,-3.2742100688476548
2017-06-28 20:00:00,3,26.0,27.812767,1.8127670288085938
2017-06-28 21:00:00,3,23.0,26.000937,3.000936508178711
2017-06-28 22:00:00,3,19.0,23.490498,4.490497589111328
2017-06-28 23:00:00,3,23.0,20.087826,-2.9121742248535156
2017-06-29 00:00:00,3,19.0,19.58199,0.5819892883300781
2017-06-29 01:00:00,3,15.0,14.463778,-0.5362224578857422
2017-06-29 02:00:00,3,13.000001,11.807064,-1.1929369436035149
2017-06-29 03:00:00,3,8.999999,9.169385,0.16938595635986253
2017-06-29 04:00:00,3,8.999999,8.348954,-0.6510447992553718
2017-06-29 05:00:00,3,8.999999,8.347748,-0.6522511972656257
2017-06-29 06:00:00,3,8.0,9.432943,1.432943344116211
2017-06-29 07:00:00,3,13.000001,10.587982,-2.4120188222656243
2017-06-29 08:00:00,3,14.0,14.775723,0.7757234573364258
2017-06-29 09:00:00,3,17.0,18.393063,1.3930625915527344
2017-06-29 10:00:00,3,22.0,22.030163,0.030162811279296875
2017-06-29 11:00:00,3,27.0,24.051071,-2.9489288330078125
2017-06-29 12:00:00,3,27.0,24.235155,-2.7648448944091797
2017-06-29 13:00:00,3,23.0,24.346094,1.3460941314697266
2017-06-29 14:00:00,3,32.0,48.063675,16.063674926757812
2017-06-29 15:00:00,3,32.0,30.712803,-1.2871971130371094
2017-06-29 16:00:00,3,26.0,28.125772,2.125772476196289
2017-06-29 17:00:00,3,26.0,27.888664,1.8886642456054688
2017-06-29 18:00:00,3,35.0,27.152876,-7.847124099731445
2017-06-29 19:00:00,3,24.000002,31.103853,7.103851225708009
2017-06-29 20:00:00,3,25.000002,25.517942,0.5179404285888687
2017-06-29 21:00:00,3,22.0,25.3512,3.3512001037597656
2017-06-29 22:00:00,3,25.000002,22.244091,-2.7559109660644516
2017-06-29 23:00:00,3,25.000002,22.054134,-2.945867631103514
2017-06-30 00:00:00,3,20.0,21.246962,1.2469615936279297
2017-06-30 01:00:00,3,14.0,16.156061,2.1560611724853516
2017-06-30 02:00:00,3,11.0,12.479904,1.4799041748046875
2017-06-30 03:00:00,3,7.0,9.322922,2.3229217529296875
2017-06-30 04:00:00,3,5.0,8.129662,3.1296615600585938
2017-06-30 05:00:00,3,8.999999,7.7888513,-1.2111477388610847
2017-06-30 06:00:00,3,11.0,8.823912,-2.176088333129883
2017-06-30 07:00:00,3,12.000001,12.018436,0.018435431884766373
2017-06-30 08:00:00,3,8.999999,15.3475065,6.3475075231323235
2017-06-30 09:00:00,3,15.0,15.505163,0.5051631927490234
2017-06-30 10:00:00,3,23.0,19.42781,-3.5721893310546875
2017-06-30 11:00:00,3,28.0,23.567814,-4.432186126708984
2017-06-30 12:00:00,3,29.0,24.845295,-4.154705047607422
2017-06-30 13:00:00,3,33.0,24.653328,-8.346672058105469
2017-06-30 14:00:00,3,33.0,28.326214,-4.673786163330078
2017-06-30 15:00:00,3,31.000002,29.584553,-1.4154492351074204
2017-06-30 16:00:00,3,32.0,28.876507,-3.123493194580078
2017-06-30 17:00:00,3,36.0,29.263985,-6.736015319824219
2017-06-30 18:00:00,3,38.0,32.847786,-5.152214050292969
2017-06-30 19:00:00,3,33.0,34.165516,1.1655158996582031
2017-06-30 20:00:00,3,31.000002,30.038038,-0.9619637462158188
2017-06-30 21:00:00,3,28.0,28.47954,0.4795398712158203
2017-06-30 22:00:00,3,26.0,26.713112,0.7131118774414062
2017-06-30 23:00:00,3,39.0,24.889133,-14.11086654663086
2017-06-04 21:00:00,4,8.0,6.960012,-1.0399880409240723
2017-06-04 22:00:00,4,2.9999998,7.184122,4.18412228557129
2017-06-04 23:00:00,4,5.9999995,6.9284363,0.9284367792968746
2017-06-05 00:00:00,4,8.999999,6.283637,-2.716361953186036
2017-06-05 01:00:00,4,4.0,5.4586353,1.4586353302001953
2017-06-05 02:00:00,4,5.0,4.6545467,-0.34545326232910156
2017-06-05 03:00:00,4,5.9999995,4.3875732,-1.6124262578125004
2017-06-05 04:00:00,4,4.0,4.398463,0.39846277236938477
2017-06-05 05:00:00,4,5.0,4.4976745,-0.5023255348205566
2017-06-05 06:00:00,4,2.9999998,5.065751,2.065751275744629
2017-06-05 07:00:00,4,5.9999995,5.7602167,-0.23978278704834022
2017-06-05 08:00:00,4,5.9999995,7.2896385,1.289639019287109
2017-06-05 09:00:00,4,7.0,8.356578,1.3565778732299805
2017-06-05 10:00:00,4,8.0,9.18814,1.1881399154663086
2017-06-05 11:00:00,4,14.0,9.626782,-4.373217582702637
2017-06-05 12:00:00,4,13.000001,10.782593,-2.2174082265624993
2017-06-05 13:00:00,4,11.0,10.280545,-0.7194547653198242
2017-06-05 14:00:00,4,8.999999,10.236733,1.236734436584472
2017-06-05 15:00:00,4,8.0,9.535688,1.5356884002685547
2017-06-05 16:00:00,4,7.0,9.161789,2.1617889404296875
2017-06-05 17:00:00,4,8.0,8.837917,0.8379173278808594
2017-06-05 18:00:00,4,10.0,8.731614,-1.268385887145996
2017-06-05 19:00:00,4,5.0,8.871164,3.871164321899414
2017-06-05 20:00:00,4,8.999999,8.406169,-0.5938300623168953
2017-06-05 21:00:00,4,8.0,8.33638,0.3363800048828125
2017-06-05 22:00:00,4,4.0,7.930792,3.9307918548583984
2017-06-05 23:00:00,4,7.0,7.017665,0.01766490936279297
2017-06-06 00:00:00,4,5.0,6.7104173,1.7104172706604004
2017-06-06 01:00:00,4,8.999999,5.2051296,-3.794869376586915
2017-06-06 02:00:00,4,4.0,5.1822863,1.182286262512207
2017-06-06 03:00:00,4,7.0,4.530994,-2.469006061553955
2017-06-06 04:00:00,4,4.0,4.4548063,0.4548063278198242
2017-06-06 05:00:00,4,4.0,4.381109,0.38110923767089844
2017-06-06 06:00:00,4,2.0,4.637299,2.637299060821533
2017-06-06 07:00:00,4,5.9999995,4.952267,-1.0477323300476078
2017-06-06 08:00:00,4,5.9999995,6.2760453,0.2760458224182125
2017-06-06 09:00:00,4,10.0,7.7582145,-2.2417855262756348
2017-06-06 10:00:00,4,8.999999,9.149425,0.14942555291747972
2017-06-06 11:00:00,4,13.000001,9.726973,-3.2730284200439446
2017-06-06 12:00:00,4,24.000002,11.528405,-12.471596810485838
2017-06-06 13:00:00,4,10.0,16.65601,6.656009674072266
2017-06-06 14:00:00,4,13.000001,12.104008,-0.8959932790527336
2017-06-06 15:00:00,4,12.000001,12.356496,0.3564948572387703
2017-06-06 16:00:00,4,8.999999,10.617889,1.6178904042968743
2017-06-06 17:00:00,4,14.0,9.615274,-4.384725570678711
2017-06-06 18:00:00,4,8.999999,10.686744,1.686744736267089
2017-06-06 19:00:00,4,5.9999995,9.583303,3.5833039515380856
2017-06-06 20:00:00,4,10.0,9.126847,-0.8731527328491211
2017-06-06 21:00:00,4,10.0,9.048357,-0.9516429901123047
2017-06-06 22:00:00,4,12.000001,8.941463,-3.058537529541015
2017-06-06 23:00:00,4,7.0,9.012144,2.012144088745117
2017-06-07 00:00:00,4,5.9999995,8.172133,2.1721339457397457
2017-06-07 01:00:00,4,7.0,6.6483755,-0.3516244888305664
2017-06-07 02:00:00,4,5.9999995,5.540109,-0.4598903424377445
2017-06-07 03:00:00,4,5.9999995,4.8631454,-1.1368541485900883
2017-06-07 04:00:00,4,5.0,4.5394754,-0.4605245590209961
2017-06-07 05:00:00,4,4.0,4.565128,0.5651278495788574
2017-06-07 06:00:00,4,2.9999998,4.7687426,1.7687427613403321
2017-06-07 07:00:00,4,5.9999995,5.2043066,-0.795692897521973
2017-06-07 08:00:00,4,5.9999995,6.93208,0.9320802920227047
2017-06-07 09:00:00,4,5.0,8.413752,3.4137516021728516
2017-06-07 10:00:00,4,10.0,9.023403,-0.9765968322753906
2017-06-07 11:00:00,4,10.0,9.610026,-0.38997364044189453
2017-06-07 12:00:00,4,13.000001,9.99952,-3.0004806981811516
2017-06-07 13:00:00,4,7.0,10.751878,3.751877784729004
2017-06-07 14:00:00,4,8.999999,9.220963,0.22096352441406175
2017-06-07 15:00:00,4,8.999999,8.970626,-0.029373122619629655
2017-06-07 16:00:00,4,13.000001,8.700471,-4.299530075622558
2017-06-07 17:00:00,4,8.999999,10.06616,1.0661612020263664
2017-06-07 18:00:00,4,7.0,9.142016,2.1420164108276367
2017-06-07 19:00:00,4,12.000001,8.845938,-3.1540632711181633
2017-06-07 20:00:00,4,8.0,9.039522,1.0395221710205078
2017-06-07 21:00:00,4,8.0,8.875869,0.8758687973022461
2017-06-07 22:00:00,4,5.9999995,8.568769,2.5687699549560543
2017-06-07 23:00:00,4,8.0,7.795985,-0.20401477813720703
2017-06-08 00:00:00,4,8.999999,7.2864027,-1.7135962976684578
2017-06-08 01:00:00,4,8.0,6.1820264,-1.8179736137390137
2017-06-08 02:00:00,4,7.0,5.440776,-1.5592241287231445
2017-06-08 03:00:00,4,5.9999995,4.852434,-1.147565341674805
2017-06-08 04:00:00,4,5.9999995,4.5588846,-1.4411148793334965
2017-06-08 05:00:00,4,8.0,4.5683546,-3.431645393371582
2017-06-08 06:00:00,4,2.0,5.1114964,3.1114964485168457
2017-06-08 07:00:00,4,5.9999995,5.3628054,-0.6371941334838871
2017-06-08 08:00:00,4,5.9999995,6.7581396,0.758140110290527
2017-06-08 09:00:00,4,8.0,8.076634,0.07663440704345703
2017-06-08 10:00:00,4,10.0,9.465533,-0.5344667434692383
2017-06-08 11:00:00,4,8.999999,9.855913,0.8559141622314446
2017-06-08 12:00:00,4,13.000001,9.298333,-3.701667831970214
2017-06-08 13:00:00,4,8.0,11.268354,3.2683544158935547
2017-06-08 14:00:00,4,13.000001,9.2175455,-3.7824554906616203
2017-06-08 15:00:00,4,19.0,10.413423,-8.586577415466309
2017-06-08 16:00:00,4,10.0,14.64244,4.642439842224121
2017-06-08 17:00:00,4,10.0,11.369975,1.3699750900268555
2017-06-08 18:00:00,4,5.9999995,9.6066885,3.606688999450683
2017-06-08 19:00:00,4,8.0,8.936795,0.9367952346801758
2017-06-08 20:00:00,4,8.0,8.624758,0.6247577667236328
2017-06-08 21:00:00,4,8.999999,8.425498,-0.5745009912719734
2017-06-08 22:00:00,4,4.0,8.342097,4.342097282409668
2017-06-08 23:00:00,4,8.999999,7.367958,-1.6320409311523445
2017-06-09 00:00:00,4,8.0,7.2751946,-0.7248053550720215
2017-06-09 01:00:00,4,5.9999995,5.8881845,-0.11181495257568397
2017-06-09 02:00:00,4,2.9999998,5.208936,2.2089364144470216
2017-06-09 03:00:00,4,4.0,4.3510118,0.3510117530822754
2017-06-09 04:00:00,4,5.0,3.9475756,-1.052424430847168
2017-06-09 05:00:00,4,2.0,4.0938473,2.0938472747802734
2017-06-09 06:00:00,4,5.9999995,4.2029686,-1.797030902587891
2017-06-09 07:00:00,4,4.0,5.067097,1.0670971870422363
2017-06-09 08:00:00,4,4.0,6.4631953,2.463195323944092
2017-06-09 09:00:00,4,7.0,7.395234,0.3952341079711914
2017-06-09 10:00:00,4,5.0,8.312092,3.312091827392578
2017-06-09 11:00:00,4,12.000001,8.28314,-3.716860817504882
2017-06-09 12:00:00,4,8.0,9.784211,1.7842111587524414
2017-06-09 13:00:00,4,11.0,8.413805,-2.5861949920654297
2017-06-09 14:00:00,4,15.0,9.17475,-5.825249671936035
2017-06-09 15:00:00,4,14.0,12.006736,-1.9932641983032227
2017-06-09 16:00:00,4,10.0,11.543528,1.543527603149414
2017-06-09 17:00:00,4,10.0,9.939504,-0.06049633026123047
2017-06-09 18:00:00,4,7.0,9.042691,2.042691230773926
2017-06-09 19:00:00,4,8.0,8.708789,0.7087888717651367
2017-06-09 20:00:00,4,11.0,8.595914,-2.404086112976074
2017-06-09 21:00:00,4,8.999999,8.744114,-0.2558850778808601
2017-06-09 22:00:00,4,7.0,8.596391,1.596390724182129
2017-06-09 23:00:00,4,8.999999,7.9279847,-1.072014285491944
2017-06-10 00:00:00,4,5.9999995,7.587486,1.5874862902526852
2017-06-10 01:00:00,4,8.0,5.8547945,-2.145205497741699
2017-06-10 02:00:00,4,2.0,4.9994326,2.9994325637817383
2017-06-10 03:00:00,4,2.9999998,3.7835128,0.783513030734253
2017-06-10 04:00:00,4,4.0,3.3710465,-0.6289534568786621
2017-06-10 05:00:00,4,2.0,3.209413,1.2094130516052246
2017-06-10 06:00:00,4,5.9999995,3.3624952,-2.6375043160552982
2017-06-10 07:00:00,4,2.9999998,4.2214637,1.221463880267334
2017-06-10 08:00:00,4,2.9999998,5.3390765,2.3390767190124513
2017-06-10 09:00:00,4,8.0,6.2063427,-1.7936573028564453
2017-06-10 10:00:00,4,5.9999995,7.6092734,1.6092739336853024
2017-06-10 11:00:00,4,8.0,7.59546,-0.4045400619506836
2017-06-10 12:00:00,4,4.0,7.5239363,3.5239362716674805
2017-06-10 13:00:00,4,14.0,6.765749,-7.234251022338867
2017-06-10 14:00:00,4,14.0,8.903399,-5.096600532531738
2017-06-10 15:00:00,4,10.0,9.985243,-0.014757156372070312
2017-06-10 16:00:00,4,8.999999,8.444016,-0.5559825433959968
2017-06-10 17:00:00,4,12.000001,8.113915,-3.886085556579589
2017-06-10 18:00:00,4,7.0,8.265121,1.2651214599609375
2017-06-10 19:00:00,4,11.0,7.8116083,-3.18839168548584
2017-06-10 20:00:00,4,8.0,8.222478,0.22247791290283203
2017-06-10 21:00:00,4,5.9999995,8.017171,2.017171406066894
2017-06-10 22:00:00,4,10.0,7.698889,-2.3011112213134766
2017-06-10 23:00:00,4,12.000001,7.976839,-4.023161934448241
2017-06-11 00:00:00,4,5.9999995,7.539716,1.539716266906738
2017-06-11 01:00:00,4,5.0,5.75425,0.7542500495910645
2017-06-11 02:00:00,4,5.0,4.724705,-0.27529478073120117
2017-06-11 03:00:00,4,5.0,3.9375715,-1.0624284744262695
2017-06-11 04:00:00,4,5.0,3.6594148,-1.3405852317810059
2017-06-11 05:00:00,4,5.9999995,3.6685615,-2.331438041412354
2017-06-11 06:00:00,4,5.9999995,4.1304307,-1.869568801605225
2017-06-11 07:00:00,4,4.0,5.0129085,1.0129084587097168
2017-06-11 08:00:00,4,7.0,5.839658,-1.1603422164916992
2017-06-11 09:00:00,4,5.9999995,7.236823,1.2368235819702145
2017-06-11 10:00:00,4,5.9999995,7.517032,1.517032646453857
2017-06-11 11:00:00,4,7.0,7.461047,0.4610471725463867
2017-06-11 12:00:00,4,8.0,7.0499477,-0.9500522613525391
2017-06-11 13:00:00,4,5.9999995,7.1174555,1.1174559824829098
2017-06-11 14:00:00,4,5.0,7.0937104,2.093710422515869
2017-06-11 15:00:00,4,7.0,6.875616,-0.12438392639160156
2017-06-11 16:00:00,4,8.999999,6.8204727,-2.1795262827148445
2017-06-11 17:00:00,4,8.999999,7.1577706,-1.842228366302491
2017-06-11 18:00:00,4,7.0,7.4093304,0.4093303680419922
2017-06-11 19:00:00,4,11.0,7.321685,-3.6783151626586914
2017-06-11 20:00:00,4,8.0,7.6534343,-0.34656572341918945
2017-06-11 21:00:00,4,8.0,7.549228,-0.4507718086242676
2017-06-11 22:00:00,4,7.0,7.466508,0.4665079116821289
2017-06-11 23:00:00,4,8.0,7.3477654,-0.6522345542907715
2017-06-12 00:00:00,4,4.0,6.785628,2.785627841949463
2017-06-12 01:00:00,4,5.0,5.3016014,0.3016014099121094
2017-06-12 02:00:00,4,2.9999998,4.6276617,1.62766190501709
2017-06-12 03:00:00,4,4.0,4.1385727,0.13857269287109375
2017-06-12 04:00:00,4,2.9999998,4.1485066,1.1485068413879396
2017-06-12 05:00:00,4,4.0,4.3730226,0.37302255630493164
2017-06-12 06:00:00,4,2.0,4.9072523,2.907252311706543
2017-06-12 07:00:00,4,4.0,5.638501,1.6385011672973633
2017-06-12 08:00:00,4,5.9999995,7.1690793,1.1690798037414547
2017-06-12 09:00:00,4,5.9999995,8.487788,2.4877887003784176
2017-06-12 10:00:00,4,7.0,9.063304,2.0633039474487305
2017-06-12 11:00:00,4,7.0,9.249808,2.2498083114624023
2017-06-12 12:00:00,4,13.000001,8.544249,-4.455752419067382
2017-06-12 13:00:00,4,8.0,9.080202,1.0802021026611328
2017-06-12 14:00:00,4,13.000001,8.824661,-4.175339745117187
2017-06-12 15:00:00,4,10.0,9.304642,-0.6953582763671875
2017-06-12 16:00:00,4,16.0,9.096805,-6.903195381164551
2017-06-12 17:00:00,4,11.0,11.315854,0.3158540725708008
2017-06-12 18:00:00,4,8.999999,9.6972065,0.6972074971923821
2017-06-12 19:00:00,4,10.0,9.462654,-0.5373458862304688
2017-06-12 20:00:00,4,7.0,9.296505,2.2965049743652344
2017-06-12 21:00:00,4,8.0,8.940668,0.9406681060791016
2017-06-12 22:00:00,4,11.0,8.590175,-2.409825325012207
2017-06-12 23:00:00,4,11.0,8.636286,-2.3637142181396484
2017-06-13 00:00:00,4,8.0,8.1606655,0.16066551208496094
2017-06-13 01:00:00,4,8.999999,6.877514,-2.122485114501954
2017-06-13 02:00:00,4,4.0,5.878598,1.8785982131958008
2017-06-13 03:00:00,4,2.9999998,4.982801,1.9828011605407716
2017-06-13 04:00:00,4,2.0,4.4200006,2.4200005531311035
2017-06-13 05:00:00,4,5.0,4.141066,-0.8589339256286621
2017-06-13 06:00:00,4,5.9999995,4.5628877,-1.4371118313903812
2017-06-13 07:00:00,4,7.0,5.469745,-1.53025484085083
2017-06-13 08:00:00,4,2.9999998,7.3999095,4.399909696307374
2017-06-13 09:00:00,4,8.0,8.256166,0.2561664581298828
2017-06-13 10:00:00,4,7.0,9.249798,2.249797821044922
2017-06-13 11:00:00,4,8.0,9.268965,1.2689647674560547
2017-06-13 12:00:00,4,10.0,9.688492,-0.3115081787109375
2017-06-13 13:00:00,4,8.999999,9.020824,0.020825432373046127
2017-06-13 14:00:00,4,12.000001,8.848166,-3.151834534240722
2017-06-13 15:00:00,4,10.0,9.250005,-0.749995231628418
2017-06-13 16:00:00,4,14.0,9.039625,-4.96037483215332
2017-06-13 17:00:00,4,11.0,10.842078,-0.15792179107666016
2017-06-13 18:00:00,4,19.0,9.482159,-9.517841339111328
2017-06-13 19:00:00,4,13.000001,12.586478,-0.4135227666625969
2017-06-13 20:00:00,4,7.0,10.113153,3.1131534576416016
2017-06-13 21:00:00,4,10.0,9.591938,-0.4080619812011719
2017-06-13 22:00:00,4,10.0,9.361841,-0.6381587982177734
2017-06-13 23:00:00,4,7.0,9.134258,2.134258270263672
2017-06-14 00:00:00,4,7.0,8.155955,1.1559553146362305
2017-06-14 01:00:00,4,5.9999995,6.6601863,0.6601867907409664
2017-06-14 02:00:00,4,5.9999995,5.498234,-0.5017657048339847
2017-06-14 03:00:00,4,4.0,4.8388004,0.8388004302978516
2017-06-14 04:00:00,4,2.9999998,4.387928,1.3879282090332032
2017-06-14 05:00:00,4,5.0,4.3087306,-0.6912693977355957
2017-06-14 06:00:00,4,2.9999998,4.755512,1.7555124375488282
2017-06-14 07:00:00,4,5.0,5.339566,0.3395662307739258
2017-06-14 08:00:00,4,8.0,6.876826,-1.1231741905212402
2017-06-14 09:00:00,4,5.9999995,8.449913,2.4499135249023434
2017-06-14 10:00:00,4,5.9999995,9.118657,3.1186576121215817
2017-06-14 11:00:00,4,12.000001,8.934364,-3.065636681152343
2017-06-14 12:00:00,4,11.0,9.755075,-1.244924545288086
2017-06-14 13:00:00,4,22.0,9.095509,-12.904491424560547
2017-06-14 14:00:00,4,17.0,15.287928,-1.7120723724365234
2017-06-14 15:00:00,4,11.0,14.32452,3.3245201110839844
2017-06-14 16:00:00,4,8.0,12.644681,4.644680976867676
2017-06-14 17:00:00,4,10.0,9.65448,-0.34552001953125
2017-06-14 18:00:00,4,13.000001,9.37532,-3.6246805654296868
2017-06-14 19:00:00,4,10.0,10.099056,0.09905624389648438
2017-06-14 20:00:00,4,16.0,9.475835,-6.524165153503418
2017-06-14 21:00:00,4,14.0,10.542323,-3.457676887512207
2017-06-14 22:00:00,4,10.0,10.0540905,0.05409049987792969
2017-06-14 23:00:00,4,7.0,9.695848,2.6958484649658203
2017-06-15 00:00:00,4,10.0,8.524868,-1.4751319885253906
2017-06-15 01:00:00,4,4.0,7.0507684,3.0507683753967285
2017-06-15 02:00:00,4,5.9999995,5.6328683,-0.3671312100524906
2017-06-15 03:00:00,4,7.0,4.9484797,-2.051520347595215
2017-06-15 04:00:00,4,5.0,4.658902,-0.3410978317260742
2017-06-15 05:00:00,4,7.0,4.732475,-2.2675251960754395
2017-06-15 06:00:00,4,5.9999995,5.153964,-0.8460354573364262
2017-06-15 07:00:00,4,2.9999998,6.0672674,3.067267617907715
2017-06-15 08:00:00,4,7.0,7.1181006,0.11810064315795898
2017-06-15 09:00:00,4,12.000001,8.543405,-3.4565964208374016
2017-06-15 10:00:00,4,11.0,10.264286,-0.7357139587402344
2017-06-15 11:00:00,4,13.000001,10.945053,-2.0549478994140618
2017-06-15 12:00:00,4,8.999999,12.091988,3.0919886098632805
2017-06-15 13:00:00,4,11.0,10.26714,-0.7328596115112305
2017-06-15 14:00:00,4,8.0,10.9390335,2.9390335083007812
2017-06-15 15:00:00,4,8.0,9.201586,1.2015857696533203
2017-06-15 16:00:00,4,7.0,8.740461,1.7404613494873047
2017-06-15 17:00:00,4,8.999999,8.337564,-0.6624345316162117
2017-06-15 18:00:00,4,5.9999995,8.291402,2.291402363098144
2017-06-15 19:00:00,4,8.999999,8.082293,-0.9177064432373054
2017-06-15 20:00:00,4,5.9999995,8.179751,2.179751896179199
2017-06-15 21:00:00,4,5.0,7.689135,2.6891350746154785
2017-06-15 22:00:00,4,7.0,6.871414,-0.1285858154296875
2017-06-15 23:00:00,4,5.9999995,6.507123,0.5071234934692379
2017-06-16 00:00:00,4,4.0,5.978396,1.978395938873291
2017-06-16 01:00:00,4,2.0,4.316626,2.3166260719299316
2017-06-16 02:00:00,4,7.0,3.4640484,-3.535951614379883
2017-06-16 03:00:00,4,5.9999995,3.8354883,-2.1645111806030277
2017-06-16 04:00:00,4,5.0,3.8698559,-1.1301441192626953
2017-06-16 05:00:00,4,5.0,4.0426025,-0.9573974609375
2017-06-16 06:00:00,4,2.9999998,4.3860564,1.386056623187256
2017-06-16 07:00:00,4,2.0,4.6901827,2.690182685852051
2017-06-16 08:00:00,4,5.0,5.3341255,0.3341255187988281
2017-06-16 09:00:00,4,8.0,7.046843,-0.9531569480895996
2017-06-16 10:00:00,4,11.0,8.240399,-2.7596006393432617
2017-06-16 11:00:00,4,8.0,10.113859,2.113859176635742
2017-06-16 12:00:00,4,10.0,8.444209,-1.555790901184082
2017-06-16 13:00:00,4,13.000001,8.947704,-4.052296684814452
2017-06-16 14:00:00,4,8.999999,10.357923,1.3579235540161125
2017-06-16 15:00:00,4,22.0,8.852993,-13.14700698852539
2017-06-16 16:00:00,4,15.0,14.5591,-0.4408998489379883
2017-06-16 17:00:00,4,13.000001,12.655968,-0.3440332875976555
2017-06-16 18:00:00,4,8.999999,11.831628,2.8316288457641594
2017-06-16 19:00:00,4,20.0,9.369811,-10.630188941955566
2017-06-16 20:00:00,4,22.0,13.516014,-8.483985900878906
2017-06-16 21:00:00,4,11.0,14.3426485,3.342648506164551
2017-06-16 22:00:00,4,12.000001,10.421783,-1.5782175527343743
2017-06-16 23:00:00,4,7.0,10.077775,3.077775001525879
2017-06-17 00:00:00,4,5.9999995,8.774347,2.774347805297851
2017-06-17 01:00:00,4,5.9999995,6.4870386,0.4870391123657223
2017-06-17 02:00:00,4,5.0,5.2477684,0.24776840209960938
2017-06-17 03:00:00,4,2.9999998,4.340012,1.3400122735168458
2017-06-17 04:00:00,4,5.0,3.8182755,-1.1817245483398438
2017-06-17 05:00:00,4,5.0,3.849101,-1.1508989334106445
2017-06-17 06:00:00,4,7.0,4.1436424,-2.8563575744628906
2017-06-17 07:00:00,4,5.0,5.2972627,0.29726266860961914
2017-06-17 08:00:00,4,10.0,6.1392345,-3.8607654571533203
2017-06-17 09:00:00,4,5.0,7.952135,2.9521350860595703
2017-06-17 10:00:00,4,8.999999,7.7540994,-1.2458996309509285
2017-06-17 11:00:00,4,4.0,8.122386,4.1223859786987305
2017-06-17 12:00:00,4,8.999999,6.844439,-2.1555599703063972
2017-06-17 13:00:00,4,4.0,7.49341,3.493410110473633
2017-06-17 14:00:00,4,5.9999995,7.0786796,1.0786800616149899
2017-06-17 15:00:00,4,5.9999995,7.191472,1.1914725535278317
2017-06-17 16:00:00,4,8.999999,7.0553474,-1.9446515573730476
2017-06-17 17:00:00,4,8.0,7.384165,-0.6158351898193359
2017-06-17 18:00:00,4,7.0,7.374518,0.37451791763305664
2017-06-17 19:00:00,4,7.0,7.574027,0.5740270614624023
2017-06-17 20:00:00,4,12.000001,7.6510925,-4.348908470703124
2017-06-17 21:00:00,4,11.0,7.9217453,-3.0782546997070312
2017-06-17 22:00:00,4,13.000001,8.096297,-4.903703735900878
2017-06-17 23:00:00,4,12.000001,8.447739,-3.5522623525390618
2017-06-18 00:00:00,4,12.000001,7.67284,-4.327160881591796
2017-06-18 01:00:00,4,8.0,6.2285447,-1.7714552879333496
2017-06-18 02:00:00,4,7.0,5.2390604,-1.760939598083496
2017-06-18 03:00:00,4,4.0,4.5226583,0.5226583480834961
2017-06-18 04:00:00,4,2.9999998,3.9785814,0.9785816285278321
2017-06-18 05:00:00,4,2.9999998,3.809512,0.8095120999481202
2017-06-18 06:00:00,4,4.0,3.9278426,-0.07215738296508789
2017-06-18 07:00:00,4,5.0,4.6421,-0.35790014266967773
2017-06-18 08:00:00,4,2.9999998,6.166962,3.1669623467590333
2017-06-18 09:00:00,4,8.0,6.588538,-1.4114618301391602
2017-06-18 10:00:00,4,10.0,7.661395,-2.3386049270629883
2017-06-18 11:00:00,4,5.0,8.006082,3.0060815811157227
2017-06-18 12:00:00,4,8.999999,7.0885177,-1.9114813341369636
2017-06-18 13:00:00,4,8.999999,7.0723276,-1.9276713861694343
2017-06-18 14:00:00,4,10.0,7.0552115,-2.9447884559631348
2017-06-18 15:00:00,4,8.0,7.343266,-0.6567339897155762
2017-06-18 16:00:00,4,4.0,7.4363213,3.436321258544922
2017-06-18 17:00:00,4,4.0,7.0319,3.031899929046631
2017-06-18 18:00:00,4,8.0,6.615219,-1.3847808837890625
2017-06-18 19:00:00,4,10.0,6.88355,-3.1164498329162598
2017-06-18 20:00:00,4,7.0,7.435039,0.43503904342651367
2017-06-18 21:00:00,4,8.0,7.4732094,-0.5267906188964844
2017-06-18 22:00:00,4,5.9999995,7.4747405,1.4747410052185055
2017-06-18 23:00:00,4,10.0,7.176349,-2.82365083694458
2017-06-19 00:00:00,4,7.0,6.7538795,-0.24612045288085938
2017-06-19 01:00:00,4,2.9999998,5.4917445,2.4917447182800294
2017-06-19 02:00:00,4,2.0,4.5163374,2.5163373947143555
2017-06-19 03:00:00,4,5.0,3.8772166,-1.1227834224700928
2017-06-19 04:00:00,4,5.9999995,3.884473,-2.115526414596558
2017-06-19 05:00:00,4,5.0,4.357126,-0.6428737640380859
2017-06-19 06:00:00,4,2.0,4.9198923,2.9198923110961914
2017-06-19 07:00:00,4,5.0,5.551765,0.551764965057373
2017-06-19 08:00:00,4,2.9999998,7.153108,4.1531083199646
2017-06-19 09:00:00,4,4.0,8.055573,4.055573463439941
2017-06-19 10:00:00,4,5.9999995,8.5310755,2.5310759776000973
2017-06-19 11:00:00,4,8.999999,8.2097435,-0.7902555002441414
2017-06-19 12:00:00,4,10.0,8.666359,-1.3336410522460938
2017-06-19 13:00:00,4,7.0,8.556903,1.5569028854370117
2017-06-19 14:00:00,4,13.000001,8.355483,-4.644517944885253
2017-06-19 15:00:00,4,13.000001,8.8964205,-4.1035805211791985
2017-06-19 16:00:00,4,13.000001,9.512339,-3.487662361694335
2017-06-19 17:00:00,4,11.0,9.6102085,-1.389791488647461
2017-06-19 18:00:00,4,7.0,9.354687,2.354686737060547
2017-06-19 19:00:00,4,8.999999,9.014621,0.01462178094482347
2017-06-19 20:00:00,4,7.0,8.753426,1.7534255981445312
2017-06-19 21:00:00,4,8.0,8.439137,0.43913745880126953
2017-06-19 22:00:00,4,11.0,8.171768,-2.8282318115234375
2017-06-19 23:00:00,4,5.9999995,8.354822,2.354822658813476
2017-06-20 00:00:00,4,8.0,7.360846,-0.6391539573669434
2017-06-20 01:00:00,4,4.0,6.119163,2.1191630363464355
2017-06-20 02:00:00,4,4.0,4.798367,0.7983670234680176
2017-06-20 03:00:00,4,5.9999995,4.290444,-1.709555602752686
2017-06-20 04:00:00,4,4.0,4.070379,0.07037878036499023
2017-06-20 05:00:00,4,2.0,4.147764,2.147764205932617
2017-06-20 06:00:00,4,5.0,4.338335,-0.6616649627685547
2017-06-20 07:00:00,4,2.0,5.108354,3.108354091644287
2017-06-20 08:00:00,4,5.9999995,5.8117585,-0.18824098178100623
2017-06-20 09:00:00,4,5.0,7.61423,2.614230155944824
2017-06-20 10:00:00,4,8.0,8.005695,0.005695343017578125
2017-06-20 11:00:00,4,10.0,8.655925,-1.3440752029418945
2017-06-20 12:00:00,4,8.999999,8.745704,-0.2542953027954109
2017-06-20 13:00:00,4,8.999999,8.584804,-0.4151954187622078
2017-06-20 14:00:00,4,7.0,8.718258,1.7182579040527344
2017-06-20 15:00:00,4,14.0,8.4251,-5.574899673461914
2017-06-20 16:00:00,4,5.9999995,10.000264,4.000264667785644
2017-06-20 17:00:00,4,11.0,8.6834755,-2.3165245056152344
2017-06-20 18:00:00,4,8.999999,8.798451,-0.20154757635498122
2017-06-20 19:00:00,4,10.0,8.721324,-1.2786760330200195
2017-06-20 20:00:00,4,11.0,8.552262,-2.447737693786621
2017-06-20 21:00:00,4,8.0,8.577569,0.5775690078735352
2017-06-20 22:00:00,4,12.000001,8.374136,-3.6258650289306633
2017-06-20 23:00:00,4,10.0,8.485495,-1.514505386352539
2017-06-21 00:00:00,4,7.0,7.8752227,0.8752226829528809
2017-06-21 01:00:00,4,5.9999995,6.3802285,0.3802290194396969
2017-06-21 02:00:00,4,8.0,5.34662,-2.6533799171447754
2017-06-21 03:00:00,4,2.0,4.7952027,2.7952027320861816
2017-06-21 04:00:00,4,2.9999998,4.110663,1.1106631371643068
2017-06-21 05:00:00,4,2.0,4.0519767,2.0519766807556152
2017-06-21 06:00:00,4,4.0,4.257932,0.257932186126709
2017-06-21 07:00:00,4,4.0,4.876612,0.8766121864318848
2017-06-21 08:00:00,4,5.9999995,6.5893874,0.5893879168395992
2017-06-21 09:00:00,4,7.0,8.034835,1.034834861755371
2017-06-21 10:00:00,4,8.0,8.819156,0.8191556930541992
2017-06-21 11:00:00,4,5.0,9.239889,4.239889144897461
2017-06-21 12:00:00,4,16.0,7.825819,-8.17418098449707
2017-06-21 13:00:00,4,7.0,11.739166,4.739166259765625
2017-06-21 14:00:00,4,11.0,8.849388,-2.1506118774414062
2017-06-21 15:00:00,4,8.999999,9.207266,0.2072668538818352
2017-06-21 16:00:00,4,13.000001,8.46427,-4.535731361938476
2017-06-21 17:00:00,4,10.0,9.45937,-0.5406303405761719
2017-06-21 18:00:00,4,10.0,8.897528,-1.1024723052978516
2017-06-21 19:00:00,4,11.0,8.917636,-2.082364082336426
2017-06-21 20:00:00,4,13.000001,9.029248,-3.970752762390136
2017-06-21 21:00:00,4,14.0,9.20929,-4.79071044921875
2017-06-21 22:00:00,4,13.000001,9.366934,-3.6330671773681633
2017-06-21 23:00:00,4,11.0,9.315367,-1.6846332550048828
2017-06-22 00:00:00,4,7.0,8.53359,1.533590316772461
2017-06-22 01:00:00,4,8.0,6.848571,-1.1514291763305664
2017-06-22 02:00:00,4,4.0,5.8027134,1.802713394165039
2017-06-22 03:00:00,4,2.9999998,4.7584977,1.758497914996338
2017-06-22 04:00:00,4,7.0,4.206286,-2.7937140464782715
2017-06-22 05:00:00,4,2.0,4.448487,2.448486804962158
2017-06-22 06:00:00,4,4.0,4.4992056,0.4992055892944336
2017-06-22 07:00:00,4,5.0,5.2850137,0.28501367568969727
2017-06-22 08:00:00,4,10.0,6.9738526,-3.0261473655700684
2017-06-22 09:00:00,4,10.0,9.28802,-0.711979866027832
2017-06-22 10:00:00,4,8.999999,10.100535,1.1005363927612297
2017-06-22 11:00:00,4,13.000001,9.690497,-3.3095036016235344
2017-06-22 12:00:00,4,13.000001,10.994036,-2.005965279174804
2017-06-22 13:00:00,4,11.0,10.95626,-0.043740272521972656
2017-06-22 14:00:00,4,33.0,10.265848,-22.73415184020996
2017-06-22 15:00:00,4,25.000002,23.806293,-1.1937085124511704
2017-06-22 16:00:00,4,28.0,20.17154,-7.828460693359375
2017-06-22 17:00:00,4,20.0,23.092451,3.0924510955810547
2017-06-22 18:00:00,4,15.0,18.457165,3.457164764404297
2017-06-22 19:00:00,4,15.0,15.6891985,0.6891984939575195
2017-06-22 20:00:00,4,12.000001,13.651302,1.6513013376464851
2017-06-22 21:00:00,4,10.0,11.058972,1.0589723587036133
2017-06-22 22:00:00,4,16.0,10.229443,-5.770557403564453
2017-06-22 23:00:00,4,10.0,10.82608,0.826080322265625
2017-06-23 00:00:00,4,5.9999995,9.425549,3.4255490534667965
2017-06-23 01:00:00,4,2.0,7.461662,5.4616618156433105
2017-06-23 02:00:00,4,2.9999998,5.827339,2.8273393723632814
2017-06-23 03:00:00,4,5.9999995,4.8186107,-1.1813888318176273
2017-06-23 04:00:00,4,7.0,4.65822,-2.341780185699463
2017-06-23 05:00:00,4,5.9999995,4.8877807,-1.112218833648682
2017-06-23 06:00:00,4,7.0,5.4276342,-1.5723657608032227
2017-06-23 07:00:00,4,5.9999995,6.6865845,0.6865849726562496
2017-06-23 08:00:00,4,5.0,7.9663024,2.9663023948669434
2017-06-23 09:00:00,4,8.0,8.816729,0.8167285919189453
2017-06-23 10:00:00,4,12.000001,9.6318865,-2.3681145177612297
2017-06-23 11:00:00,4,10.0,10.754768,0.7547683715820312
2017-06-23 12:00:00,4,12.000001,9.779167,-2.2208338247070305
2017-06-23 13:00:00,4,7.0,10.879669,3.879669189453125
2017-06-23 14:00:00,4,12.000001,9.519624,-2.480377243591308
2017-06-23 15:00:00,4,11.0,11.990104,0.9901037216186523
2017-06-23 16:00:00,4,12.000001,10.731038,-1.2689629064331047
2017-06-23 17:00:00,4,12.000001,10.702415,-1.2975855336914055
2017-06-23 18:00:00,4,8.0,9.824414,1.8244142532348633
2017-06-23 19:00:00,4,17.0,8.924801,-8.075199127197266
2017-06-23 20:00:00,4,17.0,12.239262,-4.760738372802734
2017-06-23 21:00:00,4,10.0,10.954674,0.9546737670898438
2017-06-23 22:00:00,4,10.0,9.606936,-0.3930635452270508
2017-06-23 23:00:00,4,14.0,9.100113,-4.8998870849609375
2017-06-24 00:00:00,4,10.0,8.675541,-1.3244590759277344
2017-06-24 01:00:00,4,5.0,6.749667,1.7496671676635742
2017-06-24 02:00:00,4,5.0,5.421952,0.4219517707824707
2017-06-24 03:00:00,4,4.0,4.400883,0.40088319778442383
2017-06-24 04:00:00,4,5.0,3.8805149,-1.1194851398468018
2017-06-24 05:00:00,4,5.0,3.882575,-1.1174249649047852
2017-06-24 06:00:00,4,5.0,4.195957,-0.8040428161621094
2017-06-24 07:00:00,4,4.0,5.108641,1.1086411476135254
2017-06-24 08:00:00,4,2.9999998,6.1682663,3.168266496386719
2017-06-24 09:00:00,4,5.0,6.5297165,1.5297164916992188
2017-06-24 10:00:00,4,12.000001,7.3321085,-4.66789250238037
2017-06-24 11:00:00,4,11.0,8.244022,-2.7559776306152344
2017-06-24 12:00:00,4,12.000001,8.291644,-3.7083569036254875
2017-06-24 13:00:00,4,5.9999995,8.168497,2.1684975855712887
2017-06-24 14:00:00,4,14.0,7.505232,-6.494768142700195
2017-06-24 15:00:00,4,10.0,9.721741,-0.27825927734375
2017-06-24 16:00:00,4,5.9999995,8.097487,2.0974879496459957
2017-06-24 17:00:00,4,8.999999,7.8128834,-1.1871156229248054
2017-06-24 18:00:00,4,8.999999,7.734616,-1.2653831972351082
2017-06-24 19:00:00,4,10.0,7.8727365,-2.1272635459899902
2017-06-24 20:00:00,4,10.0,8.308918,-1.6910820007324219
2017-06-24 21:00:00,4,7.0,8.348278,1.3482780456542969
2017-06-24 22:00:00,4,8.999999,7.9806676,-1.01933140890503
2017-06-24 23:00:00,4,5.9999995,7.957725,1.9577255480651852
2017-06-25 00:00:00,4,5.9999995,6.896883,0.8968835108642574
2017-06-25 01:00:00,4,5.0,5.1020474,0.10204744338989258
2017-06-25 02:00:00,4,2.9999998,4.1285906,1.1285907838012696
2017-06-25 03:00:00,4,4.0,3.3051844,-0.6948156356811523
2017-06-25 04:00:00,4,2.9999998,3.0960927,0.09609290095825207
2017-06-25 05:00:00,4,5.0,3.0591056,-1.940894365310669
2017-06-25 06:00:00,4,4.0,3.5786407,-0.4213593006134033
2017-06-25 07:00:00,4,5.9999995,4.211945,-1.7880544430847172
2017-06-25 08:00:00,4,5.9999995,5.443251,-0.5567483670349125
2017-06-25 09:00:00,4,5.9999995,6.5365787,0.5365791552429195
2017-06-25 10:00:00,4,5.0,7.3471007,2.3471007347106934
2017-06-25 11:00:00,4,8.0,6.839787,-1.1602129936218262
2017-06-25 12:00:00,4,5.0,6.9582615,1.958261489868164
2017-06-25 13:00:00,4,5.9999995,6.522233,0.5222335093383785
2017-06-25 14:00:00,4,7.0,6.614457,-0.3855428695678711
2017-06-25 15:00:00,4,8.999999,6.648364,-2.351634932922364
2017-06-25 16:00:00,4,5.9999995,6.7670627,0.767063164031982
2017-06-25 17:00:00,4,8.0,6.6436152,-1.3563847541809082
2017-06-25 18:00:00,4,5.0,6.9557123,1.9557123184204102
2017-06-25 19:00:00,4,7.0,6.853231,-0.14676904678344727
2017-06-25 20:00:00,4,8.0,6.920579,-1.079421043395996
2017-06-25 21:00:00,4,8.0,6.9667616,-1.033238410949707
2017-06-25 22:00:00,4,10.0,7.0307226,-2.9692773818969727
2017-06-25 23:00:00,4,5.0,7.313218,2.313218116760254
2017-06-26 00:00:00,4,5.9999995,6.3669057,0.3669061892395016
2017-06-26 01:00:00,4,5.9999995,5.062524,-0.9374756581420902
2017-06-26 02:00:00,4,5.0,4.2862477,-0.713752269744873
2017-06-26 03:00:00,4,2.9999998,3.9810061,0.981006345477295
2017-06-26 04:00:00,4,1.0,3.8648427,2.864842653274536
2017-06-26 05:00:00,4,5.9999995,3.9052048,-2.0947947270507816
2017-06-26 06:00:00,4,5.0,4.643855,-0.35614490509033203
2017-06-26 07:00:00,4,5.9999995,5.68683,-0.31316945620727576
2017-06-26 08:00:00,4,2.9999998,7.26483,4.264830312457276
2017-06-26 09:00:00,4,5.9999995,7.7394905,1.7394910090332028
2017-06-26 10:00:00,4,10.0,8.4435,-1.5565004348754883
2017-06-26 11:00:00,4,8.999999,9.265163,0.2651644216308586
2017-06-26 12:00:00,4,7.0,8.637412,1.6374120712280273
2017-06-26 13:00:00,4,10.0,8.270615,-1.7293853759765625
2017-06-26 14:00:00,4,8.999999,8.578608,-0.4213914407958992
2017-06-26 15:00:00,4,12.000001,8.593751,-3.406250046325683
2017-06-26 16:00:00,4,10.0,8.860661,-1.1393394470214844
2017-06-26 17:00:00,4,12.000001,8.852434,-3.147566841674804
2017-06-26 18:00:00,4,11.0,8.883242,-2.116758346557617
2017-06-26 19:00:00,4,7.0,8.917256,1.9172563552856445
2017-06-26 20:00:00,4,8.999999,8.617688,-0.38231082098388747
2017-06-26 21:00:00,4,8.0,8.438397,0.4383974075317383
2017-06-26 22:00:00,4,10.0,8.092177,-1.907822608947754
2017-06-26 23:00:00,4,10.0,7.8761663,-2.123833656311035
2017-06-27 00:00:00,4,8.999999,7.6056914,-1.39430756704712
2017-06-27 01:00:00,4,5.0,6.322434,1.3224339485168457
2017-06-27 02:00:00,4,5.0,5.247232,0.24723196029663086
2017-06-27 03:00:00,4,4.0,4.5184674,0.5184674263000488
2017-06-27 04:00:00,4,1.0,4.0072064,3.007206439971924
2017-06-27 05:00:00,4,1.0,3.990737,2.990736961364746
2017-06-27 06:00:00,4,1.0,4.364757,3.3647570610046387
2017-06-27 07:00:00,4,5.9999995,4.7486386,-1.2513608700866703
2017-06-27 08:00:00,4,2.9999998,6.2838383,3.2838384720947267
2017-06-27 09:00:00,4,4.0,6.955168,2.955167770385742
2017-06-27 10:00:00,4,8.999999,7.8151255,-1.1848735346069343
2017-06-27 11:00:00,4,12.000001,8.566543,-3.433458374572753
2017-06-27 12:00:00,4,33.0,8.647204,-24.352795600891113
2017-06-27 13:00:00,4,18.0,23.989834,5.989833831787109
2017-06-27 14:00:00,4,15.0,16.119892,1.1198921203613281
2017-06-27 15:00:00,4,12.000001,16.03785,4.037848426269532
2017-06-27 16:00:00,4,10.0,12.116905,2.1169052124023438
2017-06-27 17:00:00,4,13.000001,10.468336,-2.5316648946533196
2017-06-27 18:00:00,4,15.0,10.685961,-4.31403923034668
2017-06-27 19:00:00,4,12.000001,11.291203,-0.7087984548339836
2017-06-27 20:00:00,4,8.0,10.12905,2.1290502548217773
2017-06-27 21:00:00,4,10.0,9.671549,-0.32845115661621094
2017-06-27 22:00:00,4,11.0,9.441045,-1.558955192565918
2017-06-27 23:00:00,4,8.0,9.236375,1.236374855041504
2017-06-28 00:00:00,4,5.9999995,8.267399,2.2673993342285153
2017-06-28 01:00:00,4,8.999999,6.4191036,-2.5808953775634773
2017-06-28 02:00:00,4,4.0,5.6669436,1.6669435501098633
2017-06-28 03:00:00,4,5.9999995,4.59561,-1.40438935824585
2017-06-28 04:00:00,4,4.0,4.337198,0.33719778060913086
2017-06-28 05:00:00,4,4.0,4.144489,0.14448881149291992
2017-06-28 06:00:00,4,5.0,4.5063643,-0.4936356544494629
2017-06-28 07:00:00,4,8.0,5.2649517,-2.735048294067383
2017-06-28 08:00:00,4,5.9999995,7.254919,1.254919552124023
2017-06-28 09:00:00,4,7.0,8.328908,1.3289079666137695
2017-06-28 10:00:00,4,12.000001,9.117023,-2.882977531982421
2017-06-28 11:00:00,4,13.000001,9.812447,-3.187554405761718
2017-06-28 12:00:00,4,10.0,13.534498,3.5344982147216797
2017-06-28 13:00:00,4,14.0,10.343089,-3.6569108963012695
2017-06-28 14:00:00,4,15.0,11.690214,-3.309785842895508
2017-06-28 15:00:00,4,17.0,12.018997,-4.9810028076171875
2017-06-28 16:00:00,4,16.0,13.859869,-2.1401309967041016
2017-06-28 17:00:00,4,14.0,13.632396,-0.36760425567626953
2017-06-28 18:00:00,4,11.0,12.800578,1.8005781173706055
2017-06-28 19:00:00,4,15.0,10.55096,-4.449040412902832
2017-06-28 20:00:00,4,23.0,11.360122,-11.639878273010254
2017-06-28 21:00:00,4,17.0,15.296696,-1.7033042907714844
2017-06-28 22:00:00,4,22.0,12.769528,-9.23047161102295
2017-06-28 23:00:00,4,18.0,14.869538,-3.1304616928100586
2017-06-29 00:00:00,4,14.0,12.01157,-1.9884300231933594
2017-06-29 01:00:00,4,11.0,8.798743,-2.20125675201416
2017-06-29 02:00:00,4,10.0,7.3728075,-2.627192497253418
2017-06-29 03:00:00,4,5.0,6.4263563,1.426356315612793
2017-06-29 04:00:00,4,5.0,5.60446,0.6044597625732422
2017-06-29 05:00:00,4,4.0,5.2447934,1.24479341506958
2017-06-29 06:00:00,4,7.0,5.5195627,-1.4804372787475586
2017-06-29 07:00:00,4,5.9999995,7.205261,1.2052617304687496
2017-06-29 08:00:00,4,8.0,8.943521,0.9435205459594727
2017-06-29 09:00:00,4,14.0,10.416385,-3.583615303039551
2017-06-29 10:00:00,4,12.000001,13.760705,1.760703994201661
2017-06-29 11:00:00,4,15.0,13.424297,-1.5757026672363281
2017-06-29 12:00:00,4,20.0,13.767814,-6.232186317443848
2017-06-29 13:00:00,4,17.0,15.953859,-1.0461406707763672
2017-06-29 14:00:00,4,17.0,17.638533,0.6385326385498047
2017-06-29 15:00:00,4,16.0,16.935432,0.9354324340820312
2017-06-29 16:00:00,4,19.0,16.041113,-2.9588871002197266
2017-06-29 17:00:00,4,17.0,16.371332,-0.6286678314208984
2017-06-29 18:00:00,4,19.0,14.863052,-4.1369476318359375
2017-06-29 19:00:00,4,8.999999,16.190414,7.190415428710937
2017-06-29 20:00:00,4,13.000001,11.260921,-1.7390804754028313
2017-06-29 21:00:00,4,12.000001,11.331724,-0.6682768331298821
2017-06-29 22:00:00,4,15.0,10.2057085,-4.7942914962768555
2017-06-29 23:00:00,4,11.0,10.587423,-0.41257667541503906
2017-06-30 00:00:00,4,8.999999,9.3322115,0.33221249444580003
2017-06-30 01:00:00,4,7.0,7.4834714,0.4834713935852051
2017-06-30 02:00:00,4,5.0,6.1411347,1.1411347389221191
2017-06-30 03:00:00,4,5.9999995,5.155718,-0.8442816502685551
2017-06-30 04:00:00,4,5.0,4.787012,-0.21298789978027344
2017-06-30 05:00:00,4,5.0,4.7056437,-0.2943563461303711
2017-06-30 06:00:00,4,5.9999995,5.247885,-0.7521142727966312
2017-06-30 07:00:00,4,4.0,6.48995,2.489950180053711
2017-06-30 08:00:00,4,5.0,7.521584,2.5215840339660645
2017-06-30 09:00:00,4,7.0,8.769109,1.769108772277832
2017-06-30 10:00:00,4,15.0,9.6445875,-5.355412483215332
2017-06-30 11:00:00,4,14.0,12.950949,-1.049051284790039
2017-06-30 12:00:00,4,8.999999,12.954941,3.9549417958984368
2017-06-30 13:00:00,4,11.0,10.424693,-0.5753068923950195
2017-06-30 14:00:00,4,10.0,10.815843,0.8158426284790039
2017-06-30 15:00:00,4,14.0,9.656356,-4.343644142150879
2017-06-30 16:00:00,4,16.0,11.702887,-4.297113418579102
2017-06-30 17:00:00,4,16.0,12.927884,-3.072115898132324
2017-06-30 18:00:00,4,17.0,13.311721,-3.688279151916504
2017-06-30 19:00:00,4,11.0,14.039003,3.039003372192383
2017-06-30 20:00:00,4,30.0,10.970733,-19.02926731109619
2017-06-30 21:00:00,4,16.0,20.432713,4.432712554931641
2017-06-30 22:00:00,4,22.0,13.043734,-8.956266403198242
2017-06-30 23:00:00,4,12.000001,16.694973,4.69497199194336
